timestamp,data_id,model,month,thresholds,start_date,end_date,data_split_date,F2,Precision,Recall,MCC,AUC,BalancedAccuracy,TP,TN,FP,FN
2025-11-18 15:05:55,Greece_level_2_final,k-Nearest Neighbors,Month+1,0.5,2005-01-01,2024-12-31,2022-01-01,1.0,1.0,1.0,0.0,,0.5,108,0,0,0
2025-11-18 15:05:55,Greece_level_2_final,k-Nearest Neighbors,Month+2,0.5,2005-01-01,2024-12-31,2022-01-01,1.0,1.0,1.0,0.0,,0.5,108,0,0,0
2025-11-18 15:05:55,Greece_level_2_final,k-Nearest Neighbors,Month+3,0.5,2005-01-01,2024-12-31,2022-01-01,1.0,1.0,1.0,0.0,,0.5,108,0,0,0
2025-11-18 15:05:55,Greece_level_2_final,k-Nearest Neighbors,Month+4,0.5,2005-01-01,2024-12-31,2022-01-01,0.993,1.0,0.991,0.0,,0.5,107,0,0,1
2025-11-18 15:05:55,Greece_level_2_final,k-Nearest Neighbors,Month+5,0.5,2005-01-01,2024-12-31,2022-01-01,0.993,1.0,0.991,0.0,,0.5,107,0,0,1
2025-11-18 15:05:55,Greece_level_2_final,k-Nearest Neighbors,Month+6,0.5,2005-01-01,2024-12-31,2022-01-01,1.0,1.0,1.0,0.0,,0.5,108,0,0,0
2025-11-18 15:05:55,Greece_level_2_final,SVC (RBF Kernel),Month+1,0.5,2005-01-01 00:00:00,2024-12-31 00:00:00,2022-01-01 00:00:00,1.0,1.0,1.0,0.0,,0.5,108,0,0,0
2025-11-18 15:05:55,Greece_level_2_final,SVC (RBF Kernel),Month+2,0.5,2005-01-01 00:00:00,2024-12-31 00:00:00,2022-01-01 00:00:00,0.963,1.0,0.954,0.0,,0.5,103,0,0,5
2025-11-18 15:05:55,Greece_level_2_final,SVC (RBF Kernel),Month+3,0.5,2005-01-01 00:00:00,2024-12-31 00:00:00,2022-01-01 00:00:00,0.925,1.0,0.907,0.0,,0.5,98,0,0,10
2025-11-18 15:05:55,Greece_level_2_final,SVC (RBF Kernel),Month+4,0.5,2005-01-01 00:00:00,2024-12-31 00:00:00,2022-01-01 00:00:00,0.925,1.0,0.907,0.0,,0.5,98,0,0,10
2025-11-18 15:05:55,Greece_level_2_final,SVC (RBF Kernel),Month+5,0.5,2005-01-01 00:00:00,2024-12-31 00:00:00,2022-01-01 00:00:00,0.917,1.0,0.898,0.0,,0.5,97,0,0,11
2025-11-18 15:05:55,Greece_level_2_final,SVC (RBF Kernel),Month+6,0.5,2005-01-01 00:00:00,2024-12-31 00:00:00,2022-01-01 00:00:00,0.917,1.0,0.898,0.0,,0.5,97,0,0,11
2025-11-18 15:05:57,Greece_level_2_final,Logistic Regression,Month+1,0.5,2005-01-01 00:00:00,2024-12-31 00:00:00,2022-01-01 00:00:00,0.993,1.0,0.991,0.0,,0.5,107,0,0,1
2025-11-18 15:05:57,Greece_level_2_final,Logistic Regression,Month+2,0.5,2005-01-01 00:00:00,2024-12-31 00:00:00,2022-01-01 00:00:00,1.0,1.0,1.0,0.0,,0.5,108,0,0,0
2025-11-18 15:05:57,Greece_level_2_final,Logistic Regression,Month+3,0.5,2005-01-01 00:00:00,2024-12-31 00:00:00,2022-01-01 00:00:00,1.0,1.0,1.0,0.0,,0.5,108,0,0,0
2025-11-18 15:05:57,Greece_level_2_final,Logistic Regression,Month+4,0.5,2005-01-01 00:00:00,2024-12-31 00:00:00,2022-01-01 00:00:00,1.0,1.0,1.0,0.0,,0.5,108,0,0,0
2025-11-18 15:05:57,Greece_level_2_final,Logistic Regression,Month+5,0.5,2005-01-01 00:00:00,2024-12-31 00:00:00,2022-01-01 00:00:00,1.0,1.0,1.0,0.0,,0.5,108,0,0,0
2025-11-18 15:05:57,Greece_level_2_final,Logistic Regression,Month+6,0.5,2005-01-01 00:00:00,2024-12-31 00:00:00,2022-01-01 00:00:00,1.0,1.0,1.0,0.0,,0.5,108,0,0,0
2025-11-18 15:06:04,Greece_level_2_final,Linear SVM (Calibrated),Month+1,0.5,2005-01-01 00:00:00,2024-12-31 00:00:00,2022-01-01 00:00:00,0.838,1.0,0.806,0.0,,0.5,87,0,0,21
2025-11-18 15:06:04,Greece_level_2_final,Linear SVM (Calibrated),Month+2,0.5,2005-01-01 00:00:00,2024-12-31 00:00:00,2022-01-01 00:00:00,0.748,1.0,0.704,0.0,,0.5,76,0,0,32
2025-11-18 15:06:04,Greece_level_2_final,Linear SVM (Calibrated),Month+3,0.5,2005-01-01 00:00:00,2024-12-31 00:00:00,2022-01-01 00:00:00,0.748,1.0,0.704,0.0,,0.5,76,0,0,32
2025-11-18 15:06:04,Greece_level_2_final,Linear SVM (Calibrated),Month+4,0.5,2005-01-01 00:00:00,2024-12-31 00:00:00,2022-01-01 00:00:00,0.697,1.0,0.648,0.0,,0.5,70,0,0,38
2025-11-18 15:06:04,Greece_level_2_final,Linear SVM (Calibrated),Month+5,0.5,2005-01-01 00:00:00,2024-12-31 00:00:00,2022-01-01 00:00:00,0.537,1.0,0.481,0.0,,0.5,52,0,0,56
2025-11-18 15:06:04,Greece_level_2_final,Linear SVM (Calibrated),Month+6,0.5,2005-01-01 00:00:00,2024-12-31 00:00:00,2022-01-01 00:00:00,0.5,1.0,0.444,0.0,,0.5,48,0,0,60
2025-11-18 15:06:04,Greece_level_2_final,RidgeClassifier (Calibrated),Month+1,0.5,2005-01-01 00:00:00,2024-12-31 00:00:00,2022-01-01 00:00:00,0.993,1.0,0.991,0.0,,0.5,107,0,0,1
2025-11-18 15:06:04,Greece_level_2_final,RidgeClassifier (Calibrated),Month+2,0.5,2005-01-01 00:00:00,2024-12-31 00:00:00,2022-01-01 00:00:00,0.985,1.0,0.981,0.0,,0.5,106,0,0,2
2025-11-18 15:06:04,Greece_level_2_final,RidgeClassifier (Calibrated),Month+3,0.5,2005-01-01 00:00:00,2024-12-31 00:00:00,2022-01-01 00:00:00,0.985,1.0,0.981,0.0,,0.5,106,0,0,2
2025-11-18 15:06:04,Greece_level_2_final,RidgeClassifier (Calibrated),Month+4,0.5,2005-01-01 00:00:00,2024-12-31 00:00:00,2022-01-01 00:00:00,0.978,1.0,0.972,0.0,,0.5,105,0,0,3
2025-11-18 15:06:04,Greece_level_2_final,RidgeClassifier (Calibrated),Month+5,0.5,2005-01-01 00:00:00,2024-12-31 00:00:00,2022-01-01 00:00:00,0.955,1.0,0.944,0.0,,0.5,102,0,0,6
2025-11-18 15:06:04,Greece_level_2_final,RidgeClassifier (Calibrated),Month+6,0.5,2005-01-01 00:00:00,2024-12-31 00:00:00,2022-01-01 00:00:00,0.955,1.0,0.944,0.0,,0.5,102,0,0,6
2025-11-18 15:06:08,Greece_level_2_final,Random Forest,Month+1,0.5,2005-01-01 00:00:00,2024-12-31 00:00:00,2022-01-01 00:00:00,1.0,1.0,1.0,0.0,,0.5,108,0,0,0
2025-11-18 15:06:08,Greece_level_2_final,Random Forest,Month+2,0.5,2005-01-01 00:00:00,2024-12-31 00:00:00,2022-01-01 00:00:00,0.978,1.0,0.972,0.0,,0.5,105,0,0,3
2025-11-18 15:06:08,Greece_level_2_final,Random Forest,Month+3,0.5,2005-01-01 00:00:00,2024-12-31 00:00:00,2022-01-01 00:00:00,0.947,1.0,0.935,0.0,,0.5,101,0,0,7
2025-11-18 15:06:08,Greece_level_2_final,Random Forest,Month+4,0.5,2005-01-01 00:00:00,2024-12-31 00:00:00,2022-01-01 00:00:00,0.925,1.0,0.907,0.0,,0.5,98,0,0,10
2025-11-18 15:06:08,Greece_level_2_final,Random Forest,Month+5,0.5,2005-01-01 00:00:00,2024-12-31 00:00:00,2022-01-01 00:00:00,0.909,1.0,0.889,0.0,,0.5,96,0,0,12
2025-11-18 15:06:08,Greece_level_2_final,Random Forest,Month+6,0.5,2005-01-01 00:00:00,2024-12-31 00:00:00,2022-01-01 00:00:00,0.917,1.0,0.898,0.0,,0.5,97,0,0,11
2025-11-18 15:06:14,Greece_level_2_final,Balanced Random Forest,Month+1,0.5,2005-01-01 00:00:00,2024-12-31 00:00:00,2022-01-01 00:00:00,1.0,1.0,1.0,0.0,,0.5,108,0,0,0
2025-11-18 15:06:14,Greece_level_2_final,Balanced Random Forest,Month+2,0.5,2005-01-01 00:00:00,2024-12-31 00:00:00,2022-01-01 00:00:00,1.0,1.0,1.0,0.0,,0.5,108,0,0,0
2025-11-18 15:06:14,Greece_level_2_final,Balanced Random Forest,Month+3,0.5,2005-01-01 00:00:00,2024-12-31 00:00:00,2022-01-01 00:00:00,1.0,1.0,1.0,0.0,,0.5,108,0,0,0
2025-11-18 15:06:14,Greece_level_2_final,Balanced Random Forest,Month+4,0.5,2005-01-01 00:00:00,2024-12-31 00:00:00,2022-01-01 00:00:00,1.0,1.0,1.0,0.0,,0.5,108,0,0,0
2025-11-18 15:06:14,Greece_level_2_final,Balanced Random Forest,Month+5,0.5,2005-01-01 00:00:00,2024-12-31 00:00:00,2022-01-01 00:00:00,1.0,1.0,1.0,0.0,,0.5,108,0,0,0
2025-11-18 15:06:14,Greece_level_2_final,Balanced Random Forest,Month+6,0.5,2005-01-01 00:00:00,2024-12-31 00:00:00,2022-01-01 00:00:00,1.0,1.0,1.0,0.0,,0.5,108,0,0,0
2025-11-18 15:06:18,Greece_level_2_final,ExtraTrees,Month+1,0.5,2005-01-01 00:00:00,2024-12-31 00:00:00,2022-01-01 00:00:00,1.0,1.0,1.0,0.0,,0.5,108,0,0,0
2025-11-18 15:06:18,Greece_level_2_final,ExtraTrees,Month+2,0.5,2005-01-01 00:00:00,2024-12-31 00:00:00,2022-01-01 00:00:00,1.0,1.0,1.0,0.0,,0.5,108,0,0,0
2025-11-18 15:06:18,Greece_level_2_final,ExtraTrees,Month+3,0.5,2005-01-01 00:00:00,2024-12-31 00:00:00,2022-01-01 00:00:00,1.0,1.0,1.0,0.0,,0.5,108,0,0,0
2025-11-18 15:06:18,Greece_level_2_final,ExtraTrees,Month+4,0.5,2005-01-01 00:00:00,2024-12-31 00:00:00,2022-01-01 00:00:00,1.0,1.0,1.0,0.0,,0.5,108,0,0,0
2025-11-18 15:06:18,Greece_level_2_final,ExtraTrees,Month+5,0.5,2005-01-01 00:00:00,2024-12-31 00:00:00,2022-01-01 00:00:00,1.0,1.0,1.0,0.0,,0.5,108,0,0,0
2025-11-18 15:06:18,Greece_level_2_final,ExtraTrees,Month+6,0.5,2005-01-01 00:00:00,2024-12-31 00:00:00,2022-01-01 00:00:00,1.0,1.0,1.0,0.0,,0.5,108,0,0,0
2025-11-18 15:06:21,Greece_level_2_final,Gradient Boosting,Month+1,0.5,2005-01-01 00:00:00,2024-12-31 00:00:00,2022-01-01 00:00:00,0.955,1.0,0.944,0.0,,0.5,102,0,0,6
2025-11-18 15:06:21,Greece_level_2_final,Gradient Boosting,Month+2,0.5,2005-01-01 00:00:00,2024-12-31 00:00:00,2022-01-01 00:00:00,1.0,1.0,1.0,0.0,,0.5,108,0,0,0
2025-11-18 15:06:21,Greece_level_2_final,Gradient Boosting,Month+3,0.5,2005-01-01 00:00:00,2024-12-31 00:00:00,2022-01-01 00:00:00,1.0,1.0,1.0,0.0,,0.5,108,0,0,0
2025-11-18 15:06:21,Greece_level_2_final,Gradient Boosting,Month+4,0.5,2005-01-01 00:00:00,2024-12-31 00:00:00,2022-01-01 00:00:00,1.0,1.0,1.0,0.0,,0.5,108,0,0,0
2025-11-18 15:06:21,Greece_level_2_final,Gradient Boosting,Month+5,0.5,2005-01-01 00:00:00,2024-12-31 00:00:00,2022-01-01 00:00:00,1.0,1.0,1.0,0.0,,0.5,108,0,0,0
2025-11-18 15:06:21,Greece_level_2_final,Gradient Boosting,Month+6,0.5,2005-01-01 00:00:00,2024-12-31 00:00:00,2022-01-01 00:00:00,1.0,1.0,1.0,0.0,,0.5,108,0,0,0
2025-11-18 15:06:22,Greece_level_2_final,AdaBoost,Month+1,0.5,2005-01-01 00:00:00,2024-12-31 00:00:00,2022-01-01 00:00:00,0.978,1.0,0.972,0.0,,0.5,105,0,0,3
2025-11-18 15:06:22,Greece_level_2_final,AdaBoost,Month+2,0.5,2005-01-01 00:00:00,2024-12-31 00:00:00,2022-01-01 00:00:00,0.94,1.0,0.926,0.0,,0.5,100,0,0,8
2025-11-18 15:06:22,Greece_level_2_final,AdaBoost,Month+3,0.5,2005-01-01 00:00:00,2024-12-31 00:00:00,2022-01-01 00:00:00,0.909,1.0,0.889,0.0,,0.5,96,0,0,12
2025-11-18 15:06:22,Greece_level_2_final,AdaBoost,Month+4,0.5,2005-01-01 00:00:00,2024-12-31 00:00:00,2022-01-01 00:00:00,0.886,1.0,0.861,0.0,,0.5,93,0,0,15
2025-11-18 15:06:22,Greece_level_2_final,AdaBoost,Month+5,0.5,2005-01-01 00:00:00,2024-12-31 00:00:00,2022-01-01 00:00:00,0.932,1.0,0.917,0.0,,0.5,99,0,0,9
2025-11-18 15:06:22,Greece_level_2_final,AdaBoost,Month+6,0.5,2005-01-01 00:00:00,2024-12-31 00:00:00,2022-01-01 00:00:00,0.83,1.0,0.796,0.0,,0.5,86,0,0,22
2025-11-18 15:06:30,Greece_level_2_final,Hist Gradient Boosting,Month+1,0.5,2005-01-01 00:00:00,2024-12-31 00:00:00,2022-01-01 00:00:00,1.0,1.0,1.0,0.0,,0.5,108,0,0,0
2025-11-18 15:06:30,Greece_level_2_final,Hist Gradient Boosting,Month+2,0.5,2005-01-01 00:00:00,2024-12-31 00:00:00,2022-01-01 00:00:00,0.985,1.0,0.981,0.0,,0.5,106,0,0,2
2025-11-18 15:06:30,Greece_level_2_final,Hist Gradient Boosting,Month+3,0.5,2005-01-01 00:00:00,2024-12-31 00:00:00,2022-01-01 00:00:00,0.985,1.0,0.981,0.0,,0.5,106,0,0,2
2025-11-18 15:06:30,Greece_level_2_final,Hist Gradient Boosting,Month+4,0.5,2005-01-01 00:00:00,2024-12-31 00:00:00,2022-01-01 00:00:00,0.963,1.0,0.954,0.0,,0.5,103,0,0,5
2025-11-18 15:06:30,Greece_level_2_final,Hist Gradient Boosting,Month+5,0.5,2005-01-01 00:00:00,2024-12-31 00:00:00,2022-01-01 00:00:00,1.0,1.0,1.0,0.0,,0.5,108,0,0,0
2025-11-18 15:06:30,Greece_level_2_final,Hist Gradient Boosting,Month+6,0.5,2005-01-01 00:00:00,2024-12-31 00:00:00,2022-01-01 00:00:00,0.993,1.0,0.991,0.0,,0.5,107,0,0,1
2025-11-18 15:06:31,Greece_level_2_final,XGBoost,Month+1,0.5,2005-01-01 00:00:00,2024-12-31 00:00:00,2022-01-01 00:00:00,1.0,1.0,1.0,0.0,,0.5,108,0,0,0
2025-11-18 15:06:31,Greece_level_2_final,XGBoost,Month+2,0.5,2005-01-01 00:00:00,2024-12-31 00:00:00,2022-01-01 00:00:00,1.0,1.0,1.0,0.0,,0.5,108,0,0,0
2025-11-18 15:06:31,Greece_level_2_final,XGBoost,Month+3,0.5,2005-01-01 00:00:00,2024-12-31 00:00:00,2022-01-01 00:00:00,1.0,1.0,1.0,0.0,,0.5,108,0,0,0
2025-11-18 15:06:31,Greece_level_2_final,XGBoost,Month+4,0.5,2005-01-01 00:00:00,2024-12-31 00:00:00,2022-01-01 00:00:00,1.0,1.0,1.0,0.0,,0.5,108,0,0,0
2025-11-18 15:06:31,Greece_level_2_final,XGBoost,Month+5,0.5,2005-01-01 00:00:00,2024-12-31 00:00:00,2022-01-01 00:00:00,1.0,1.0,1.0,0.0,,0.5,108,0,0,0
2025-11-18 15:06:31,Greece_level_2_final,XGBoost,Month+6,0.5,2005-01-01 00:00:00,2024-12-31 00:00:00,2022-01-01 00:00:00,1.0,1.0,1.0,0.0,,0.5,108,0,0,0
2025-11-18 15:06:33,Greece_level_2_final,LightGBM,Month+1,0.5,2005-01-01 00:00:00,2024-12-31 00:00:00,2022-01-01 00:00:00,1.0,1.0,1.0,0.0,,0.5,108,0,0,0
2025-11-18 15:06:33,Greece_level_2_final,LightGBM,Month+2,0.5,2005-01-01 00:00:00,2024-12-31 00:00:00,2022-01-01 00:00:00,1.0,1.0,1.0,0.0,,0.5,108,0,0,0
2025-11-18 15:06:33,Greece_level_2_final,LightGBM,Month+3,0.5,2005-01-01 00:00:00,2024-12-31 00:00:00,2022-01-01 00:00:00,1.0,1.0,1.0,0.0,,0.5,108,0,0,0
2025-11-18 15:06:33,Greece_level_2_final,LightGBM,Month+4,0.5,2005-01-01 00:00:00,2024-12-31 00:00:00,2022-01-01 00:00:00,0.955,1.0,0.944,0.0,,0.5,102,0,0,6
2025-11-18 15:06:33,Greece_level_2_final,LightGBM,Month+5,0.5,2005-01-01 00:00:00,2024-12-31 00:00:00,2022-01-01 00:00:00,0.955,1.0,0.944,0.0,,0.5,102,0,0,6
2025-11-18 15:06:33,Greece_level_2_final,LightGBM,Month+6,0.5,2005-01-01 00:00:00,2024-12-31 00:00:00,2022-01-01 00:00:00,1.0,1.0,1.0,0.0,,0.5,108,0,0,0
2025-11-18 15:06:37,Greece_level_2_final,CatBoost,Month+1,0.500,2005-01-01 00:00:00,2024-12-31 00:00:00,2022-01-01 00:00:00,1.000,1.000,1.000,0.000,nan,0.500,108,0,0,0
2025-11-18 15:06:37,Greece_level_2_final,CatBoost,Month+2,0.500,2005-01-01 00:00:00,2024-12-31 00:00:00,2022-01-01 00:00:00,1.000,1.000,1.000,0.000,nan,0.500,108,0,0,0
2025-11-18 15:06:37,Greece_level_2_final,CatBoost,Month+3,0.500,2005-01-01 00:00:00,2024-12-31 00:00:00,2022-01-01 00:00:00,1.000,1.000,1.000,0.000,nan,0.500,108,0,0,0
2025-11-18 15:06:37,Greece_level_2_final,CatBoost,Month+4,0.500,2005-01-01 00:00:00,2024-12-31 00:00:00,2022-01-01 00:00:00,1.000,1.000,1.000,0.000,nan,0.500,108,0,0,0
2025-11-18 15:06:37,Greece_level_2_final,CatBoost,Month+5,0.500,2005-01-01 00:00:00,2024-12-31 00:00:00,2022-01-01 00:00:00,1.000,1.000,1.000,0.000,nan,0.500,108,0,0,0
2025-11-18 15:06:37,Greece_level_2_final,CatBoost,Month+6,0.500,2005-01-01 00:00:00,2024-12-31 00:00:00,2022-01-01 00:00:00,1.000,1.000,1.000,0.000,nan,0.500,108,0,0,0
