time,area_name,lat,lon,rr,hu,qq,tg,tx,tn,fg
2000-01-01,Switzerland,46.79189947283633,8.199888162933753,783.9032,75.6737,55.77039,-3.340041,-0.00034038682,-6.432103,2.3538303
2000-02-01,Switzerland,46.79189947283633,8.199888162933753,2105.3965,76.7521,84.47571,-0.35771617,3.5052812,-3.6602242,2.6861901
2000-03-01,Switzerland,46.79189947283633,8.199888162933753,1507.3064,74.02918,135.15211,1.3808155,5.5025544,-2.1334505,2.830661
2000-04-01,Switzerland,46.79189947283633,8.199888162933753,1473.6702,72.84983,172.92845,5.0946813,9.536509,1.0223744,2.8867629
2000-05-01,Switzerland,46.79189947283633,8.199888162933753,1423.084,74.873665,218.90738,10.30594,15.274649,5.9129233,2.3699985
2000-06-01,Switzerland,46.79189947283633,8.199888162933753,1324.7667,71.75187,256.51367,13.515902,18.864117,8.752585,2.2885196
2000-07-01,Switzerland,46.79189947283633,8.199888162933753,3085.0676,78.22945,215.04774,11.708084,16.308466,7.880963,2.5977483
2000-08-01,Switzerland,46.79189947283633,8.199888162933753,1913.1421,74.4656,206.2545,14.891124,20.008259,10.497615,1.9456255
2000-09-01,Switzerland,46.79189947283633,8.199888162933753,1820.7867,76.928246,160.41682,11.224543,16.178453,7.1816463,2.2753167
2000-10-01,Switzerland,46.79189947283633,8.199888162933753,2259.9873,82.6042,79.75133,6.639436,10.314908,3.8126,2.2384336
2000-11-01,Switzerland,46.79189947283633,8.199888162933753,2527.35,81.37192,51.03674,1.534541,4.7572803,-1.2196242,2.400003
2000-12-01,Switzerland,46.79189947283633,8.199888162933753,814.35486,76.58821,39.61319,0.5617107,3.613897,-2.1529915,2.3650815
2001-01-01,Switzerland,46.79189947283633,8.199888162933753,1636.8645,78.62019,47.883507,-2.0463338,1.0776871,-5.013554,2.2455091
2001-02-01,Switzerland,46.79189947283633,8.199888162933753,1274.8214,72.640526,86.012856,-1.0496343,2.9349575,-4.477409,2.825193
2001-03-01,Switzerland,46.79189947283633,8.199888162933753,3368.2612,81.72975,104.20151,2.7995467,6.4398255,-0.30434078,2.9526947
2001-04-01,Switzerland,46.79189947283633,8.199888162933753,2467.2334,77.32662,162.04251,2.2399514,6.3184767,-1.1809454,2.9276552
2001-05-01,Switzerland,46.79189947283633,8.199888162933753,1216.5194,74.26565,224.17834,10.656141,15.496289,6.358059,2.427844
2001-06-01,Switzerland,46.79189947283633,8.199888162933753,3214.3,73.596214,242.89444,10.815111,15.814727,6.416156,2.8435473
2001-07-01,Switzerland,46.79189947283633,8.199888162933753,2068.897,75.25565,233.85277,14.129567,19.261765,9.870175,2.7191072
2001-08-01,Switzerland,46.79189947283633,8.199888162933753,1889.129,74.951065,209.95834,15.035623,20.21796,10.849401,2.750252
2001-09-01,Switzerland,46.79189947283633,8.199888162933753,2304.2034,82.273094,126.83681,7.19089,11.093749,4.237989,3.3319833
2001-10-01,Switzerland,46.79189947283633,8.199888162933753,1082.3,76.49384,112.0448,9.712536,14.751929,5.9989824,2.681609
2001-11-01,Switzerland,46.79189947283633,8.199888162933753,1426.9567,79.55733,58.402668,0.09888308,3.5569355,-2.7218962,3.1901474
2001-12-01,Switzerland,46.79189947283633,8.199888162933753,848.43225,75.22809,44.96437,-3.8897634,-0.39746863,-6.930886,3.7294185
2002-01-01,Switzerland,46.79189947283633,8.199888162933753,376.23227,68.59035,59.081577,-1.9510787,2.4000952,-5.4081173,2.7228813
2002-02-01,Switzerland,46.79189947283633,8.199888162933753,1913.525,76.785484,74.598564,0.90764695,4.6006393,-2.210745,4.113769
2002-03-01,Switzerland,46.79189947283633,8.199888162933753,1480.2871,69.24549,148.25499,2.5070982,7.2221375,-1.3928312,3.5633533
2002-04-01,Switzerland,46.79189947283633,8.199888162933753,906.10333,70.90809,187.93977,4.2726707,8.990275,0.18415985,3.564496
2002-05-01,Switzerland,46.79189947283633,8.199888162933753,3163.4353,76.882835,199.38084,8.133914,12.719863,4.0619426,3.009083
2002-06-01,Switzerland,46.79189947283633,8.199888162933753,1877.4801,71.84479,253.05547,14.440243,19.807877,9.580095,2.618263
2002-07-01,Switzerland,46.79189947283633,8.199888162933753,2244.8838,77.00952,215.44026,13.666581,18.350395,9.677802,2.1587634
2002-08-01,Switzerland,46.79189947283633,8.199888162933753,2583.4387,80.92336,182.88737,13.123178,17.564857,9.567093,1.8941298
2002-09-01,Switzerland,46.79189947283633,8.199888162933753,1803.2334,82.45669,137.94667,8.943342,13.072766,5.775204,2.026524
2002-10-01,Switzerland,46.79189947283633,8.199888162933753,1844.4806,77.58321,96.21205,6.350409,10.665336,2.9168646,2.2965882
2002-11-01,Switzerland,46.79189947283633,8.199888162933753,4649.1934,86.07275,44.535187,2.6181493,5.530608,0.19480047,2.3247364
2002-12-01,Switzerland,46.79189947283633,8.199888162933753,1358.4258,83.59445,33.81118,0.1266458,2.726125,-2.1259344,1.9447392
2003-01-01,Switzerland,46.79189947283633,8.199888162933753,1450.7,78.59122,49.60051,-3.751525,-0.5505096,-6.7145357,2.533482
2003-02-01,Switzerland,46.79189947283633,8.199888162933753,839.8251,68.73741,101.72769,-5.1444035,-0.7522142,-8.920495,2.002936
2003-03-01,Switzerland,46.79189947283633,8.199888162933753,413.25806,64.50458,171.95483,2.8262315,8.295087,-1.5689788,2.1668837
2003-04-01,Switzerland,46.79189947283633,8.199888162933753,1081.2267,69.54098,202.69415,4.378737,9.301629,-0.06986058,2.824802
2003-05-01,Switzerland,46.79189947283633,8.199888162933753,1440.9001,74.546585,215.59605,10.070662,14.870298,5.8621106,2.3815024
2003-06-01,Switzerland,46.79189947283633,8.199888162933753,982.31335,67.73001,274.7694,17.416512,23.236792,12.279225,2.1127267
2003-07-01,Switzerland,46.79189947283633,8.199888162933753,1639.6548,70.71395,245.76945,15.393523,20.852175,10.801085,2.1999955
2003-08-01,Switzerland,46.79189947283633,8.199888162933753,1256.8291,64.296425,227.50041,18.042982,24.030268,12.962793,2.052619
2003-09-01,Switzerland,46.79189947283633,8.199888162933753,846.57007,73.63017,169.52637,10.650468,15.806639,6.4935374,2.0314143
2003-10-01,Switzerland,46.79189947283633,8.199888162933753,2422.9192,79.307724,93.53347,3.4724464,7.4862485,0.33082798,2.2287648
2003-11-01,Switzerland,46.79189947283633,8.199888162933753,1118.2234,78.62193,59.635334,2.8932798,6.660413,-0.047014203,1.7866743
2003-12-01,Switzerland,46.79189947283633,8.199888162933753,1056.571,75.15887,43.086594,-1.1679485,2.3826306,-4.2614846,2.4409091
2004-01-01,Switzerland,46.79189947283633,8.199888162933753,2713.7065,80.468285,45.099068,-2.962996,-0.056274835,-5.869657,2.7180727
2004-02-01,Switzerland,46.79189947283633,8.199888162933753,798.1173,70.85816,91.308655,-1.718866,2.5423918,-5.0739627,2.400532
2004-03-01,Switzerland,46.79189947283633,8.199888162933753,896.5484,72.83116,143.08917,-0.054014854,4.2531753,-3.6309075,2.3681598
2004-04-01,Switzerland,46.79189947283633,8.199888162933753,1069.0167,72.650734,181.39386,4.324633,8.749201,0.3975965,2.6442227
2004-05-01,Switzerland,46.79189947283633,8.199888162933753,1569.587,72.37212,227.57347,7.3405766,12.047829,3.027207,2.3354256
2004-06-01,Switzerland,46.79189947283633,8.199888162933753,1746.78,72.88123,238.61119,12.124137,16.933022,7.769279,2.3257587
2004-07-01,Switzerland,46.79189947283633,8.199888162933753,1659.4484,73.688034,223.92014,13.702302,18.641907,9.519998,2.3253329
2004-08-01,Switzerland,46.79189947283633,8.199888162933753,2428.8323,77.32787,190.05515,14.1097765,19.008764,10.268743,2.2778916
2004-09-01,Switzerland,46.79189947283633,8.199888162933753,999.3366,78.40188,160.31459,11.222286,15.922684,7.3802915,2.155692
2004-10-01,Switzerland,46.79189947283633,8.199888162933753,2019.1807,82.98804,88.087456,8.016608,11.740545,5.105359,1.9974507
2004-11-01,Switzerland,46.79189947283633,8.199888162933753,842.07666,79.36963,52.754818,0.9171508,4.208356,-1.7929094,2.2611697
2004-12-01,Switzerland,46.79189947283633,8.199888162933753,932.72253,76.611725,41.783302,-1.5527036,1.6962681,-4.222368,2.0117652
2005-01-01,Switzerland,46.79189947283633,8.199888162933753,1316.9323,73.1749,56.09663,-3.269514,0.48845974,-6.486737,2.531478
2005-02-01,Switzerland,46.79189947283633,8.199888162933753,1120.7786,76.10268,86.956345,-5.7651415,-2.05377,-8.779817,2.2984846
2005-03-01,Switzerland,46.79189947283633,8.199888162933753,652.2226,72.28541,147.23026,0.8157743,5.5217705,-3.1717443,2.0894449
2005-04-01,Switzerland,46.79189947283633,8.199888162933753,1757.9434,73.67034,170.2794,4.6319675,8.823371,0.8779957,2.4796238
2005-05-01,Switzerland,46.79189947283633,8.199888162933753,1771.1163,73.22634,226.32172,9.32678,14.188252,4.9091635,2.395248
2005-06-01,Switzerland,46.79189947283633,8.199888162933753,1306.9166,69.167915,259.84482,13.92234,19.25105,9.102119,2.310289
2005-07-01,Switzerland,46.79189947283633,8.199888162933753,1611.0806,74.96522,223.34465,14.110426,18.949919,9.96555,2.3418367
2005-08-01,Switzerland,46.79189947283633,8.199888162933753,2701.545,79.43919,189.71922,12.13102,16.64084,8.440391,2.0282238
2005-09-01,Switzerland,46.79189947283633,8.199888162933753,1109.7267,81.170074,152.0368,11.3863325,15.922243,7.88221,1.8824316
2005-10-01,Switzerland,46.79189947283633,8.199888162933753,1025.0968,76.764984,105.35648,8.047663,12.906277,4.460432,1.5579346
2005-11-01,Switzerland,46.79189947283633,8.199888162933753,471.0167,78.044334,63.732597,0.49550435,4.180946,-2.4494905,1.8772845
2005-12-01,Switzerland,46.79189947283633,8.199888162933753,1359.5903,80.1998,40.402943,-4.3729315,-1.2661324,-7.286563,2.1875544
2006-01-01,Switzerland,46.79189947283633,8.199888162933753,506.29358,74.38889,58.106594,-4.4109235,-0.83786523,-7.3079057,1.9124817
2006-02-01,Switzerland,46.79189947283633,8.199888162933753,1092.8679,77.849236,76.23437,-3.3556519,0.11665837,-6.301142,2.2219386
2006-03-01,Switzerland,46.79189947283633,8.199888162933753,2415.7646,78.53667,128.85527,-1.0873984,3.2011068,-4.931841,2.7096076
2006-04-01,Switzerland,46.79189947283633,8.199888162933753,2030.2966,76.50578,179.19637,4.3076787,8.736178,0.51793915,2.3434677
2006-05-01,Switzerland,46.79189947283633,8.199888162933753,2414.0322,75.421074,197.07033,8.760209,13.291466,4.797125,2.526219
2006-06-01,Switzerland,46.79189947283633,8.199888162933753,1044.88,69.53395,267.41205,13.401638,18.909918,8.428573,2.2311585
2006-07-01,Switzerland,46.79189947283633,8.199888162933753,1103.4,68.70742,261.5496,17.801556,23.5747,12.8273115,1.9884067
2006-08-01,Switzerland,46.79189947283633,8.199888162933753,3083.1643,81.29311,166.01855,10.597824,14.635718,7.4931407,2.3230143
2006-09-01,Switzerland,46.79189947283633,8.199888162933753,1800.9199,77.78346,157.89964,13.270784,17.83909,9.548725,1.880337
2006-10-01,Switzerland,46.79189947283633,8.199888162933753,1135.6902,76.54664,102.768166,9.38196,13.801674,5.824533,1.9564217
2006-11-01,Switzerland,46.79189947283633,8.199888162933753,826.23663,75.28614,62.305183,3.7881913,7.832056,0.4429412,2.2353435
2006-12-01,Switzerland,46.79189947283633,8.199888162933753,1289.9773,73.85049,48.164806,0.016371982,3.646481,-2.8140938,2.1000028
2007-01-01,Switzerland,46.79189947283633,8.199888162933753,1479.226,79.16844,48.593407,0.47861612,3.8346443,-2.5903502,2.7052739
2007-02-01,Switzerland,46.79189947283633,8.199888162933753,1542.5142,74.979,84.798965,1.0233682,5.089046,-2.4517071,2.4613044
2007-03-01,Switzerland,46.79189947283633,8.199888162933753,1515.1356,75.26872,142.699,1.3309181,5.805093,-2.4518602,2.509086
2007-04-01,Switzerland,46.79189947283633,8.199888162933753,245.60667,64.37128,237.22168,9.144883,15.159315,3.7194755,2.106966
2007-05-01,Switzerland,46.79189947283633,8.199888162933753,2849.1355,74.586655,205.80394,9.831287,14.528926,5.5865417,2.6169868
2007-06-01,Switzerland,46.79189947283633,8.199888162933753,2795.85,78.950676,214.62074,12.73088,17.413485,8.761837,2.2538378
2007-07-01,Switzerland,46.79189947283633,8.199888162933753,2706.242,75.09036,226.25325,13.528565,18.461262,9.161312,2.5095465
2007-08-01,Switzerland,46.79189947283633,8.199888162933753,2992.4612,79.63732,180.17491,13.056973,17.529821,9.188559,2.0293317
2007-09-01,Switzerland,46.79189947283633,8.199888162933753,1337.5233,78.40102,163.66216,9.07557,13.907108,5.132424,2.230132
2007-10-01,Switzerland,46.79189947283633,8.199888162933753,382.9839,77.916954,112.11505,6.06175,10.437879,2.792743,1.991411
2007-11-01,Switzerland,46.79189947283633,8.199888162933753,1440.88,79.040276,56.8837,-0.021409849,3.5037282,-2.8440762,2.4572282
2007-12-01,Switzerland,46.79189947283633,8.199888162933753,1703.6451,76.381615,43.45247,-2.3056319,0.8641415,-4.921284,2.348222
2008-01-01,Switzerland,46.79189947283633,8.199888162933753,1297.8291,74.62311,53.781002,-0.16247809,3.6648955,-3.3709028,2.4482067
2008-02-01,Switzerland,46.79189947283633,8.199888162933753,585.1276,68.05251,104.587364,0.43842813,5.218214,-3.454004,2.1770194
2008-03-01,Switzerland,46.79189947283633,8.199888162933753,1832.171,75.64568,124.99936,-0.012554751,3.9157178,-3.3794081,3.1645799
2008-04-01,Switzerland,46.79189947283633,8.199888162933753,2418.2334,78.05547,161.17429,3.3175857,7.3656197,-0.093475565,2.638603
2008-05-01,Switzerland,46.79189947283633,8.199888162933753,1131.0388,71.39106,220.50186,10.229693,15.05023,5.961575,2.2581096
2008-06-01,Switzerland,46.79189947283633,8.199888162933753,1535.8967,77.68231,216.68904,13.0110235,17.55623,9.057725,2.0215323
2008-07-01,Switzerland,46.79189947283633,8.199888162933753,2457.1614,74.15218,227.60797,13.932091,18.99161,9.566143,2.1824055
2008-08-01,Switzerland,46.79189947283633,8.199888162933753,2044.4291,77.17712,200.83862,13.886964,18.88221,9.798538,2.0569675
2008-09-01,Switzerland,46.79189947283633,8.199888162933753,2076.3267,80.1082,143.29697,8.966976,13.29878,5.5241866,2.1844354
2008-10-01,Switzerland,46.79189947283633,8.199888162933753,1915.3936,80.979164,93.87111,6.7165465,10.991696,3.4253514,1.9859676
2008-11-01,Switzerland,46.79189947283633,8.199888162933753,1589.9133,81.63581,53.975555,0.9748319,4.304978,-1.6975901,2.1399872
2008-12-01,Switzerland,46.79189947283633,8.199888162933753,1533.0839,81.39448,37.88903,-2.48831,0.24713655,-5.0033283,2.2210274
2009-01-01,Switzerland,46.79189947283633,8.199888162933753,725.0227,74.96519,53.99369,-4.547778,-1.1868804,-7.476621,1.8723611
2009-02-01,Switzerland,46.79189947283633,8.199888162933753,1690.7786,79.532814,82.381195,-3.3858757,0.05797855,-6.5029035,2.3672676
2009-03-01,Switzerland,46.79189947283633,8.199888162933753,1961.7001,75.32981,133.38745,0.025118798,3.8676794,-3.3357263,2.8108113
2009-04-01,Switzerland,46.79189947283633,8.199888162933753,883.3033,71.502975,190.27902,6.3609853,11.126382,2.1977155,2.3232393
2009-05-01,Switzerland,46.79189947283633,8.199888162933753,1058.2904,70.770035,234.86389,10.879199,16.029913,6.2211814,2.334787
2009-06-01,Switzerland,46.79189947283633,8.199888162933753,2023.87,74.57669,230.51666,12.09683,16.845287,7.8462806,2.4479136
2009-07-01,Switzerland,46.79189947283633,8.199888162933753,2353.7324,73.63689,226.64708,14.408643,19.43473,10.054672,2.2809954
2009-08-01,Switzerland,46.79189947283633,8.199888162933753,1111.8258,71.95898,221.05748,15.810177,20.92125,11.359789,1.9521455
2009-09-01,Switzerland,46.79189947283633,8.199888162933753,890.76666,76.85863,158.12276,11.773818,16.405142,8.007686,1.996515
2009-10-01,Switzerland,46.79189947283633,8.199888162933753,998.3323,74.38874,105.13419,6.0940056,10.301819,2.6183844,2.115674
2009-11-01,Switzerland,46.79189947283633,8.199888162933753,2173.4668,78.554756,53.35718,3.499976,6.9965897,0.5642179,2.2021875
2009-12-01,Switzerland,46.79189947283633,8.199888162933753,1921.9292,79.89959,35.511326,-2.8065257,0.151717,-5.5667787,2.2564108
2010-01-01,Switzerland,46.79189947283633,8.199888162933753,760.1936,77.38158,49.742584,-5.201002,-2.050148,-7.9476166,1.9079909
2010-02-01,Switzerland,46.79189947283633,8.199888162933753,973.9857,75.07338,82.14555,-3.3303013,0.2667016,-6.580553,2.5243552
2010-03-01,Switzerland,46.79189947283633,8.199888162933753,1058.1387,70.22829,138.56013,-0.09819642,4.134649,-3.6511948,2.709113
2010-04-01,Switzerland,46.79189947283633,8.199888162933753,496.33,68.38579,206.57777,5.2353907,10.174312,0.8275888,2.3153422
2010-05-01,Switzerland,46.79189947283633,8.199888162933753,2805.0872,79.45675,177.05296,7.154877,10.941112,3.965188,2.5120802
2010-06-01,Switzerland,46.79189947283633,8.199888162933753,1532.2401,74.99641,218.16289,12.367169,16.84244,8.405658,2.399989
2010-07-01,Switzerland,46.79189947283633,8.199888162933753,1943.6646,71.572205,245.00375,15.821365,21.085085,11.251445,2.099391
2010-08-01,Switzerland,46.79189947283633,8.199888162933753,3020.0872,78.14016,180.17978,12.862762,17.087679,9.293017,2.1753247
2010-09-01,Switzerland,46.79189947283633,8.199888162933753,1364.2567,76.88702,159.45837,9.373796,13.830914,5.638159,1.935503
2010-10-01,Switzerland,46.79189947283633,8.199888162933753,1093.5839,77.4515,100.17119,5.552967,9.504593,2.445846,2.1108737
2010-11-01,Switzerland,46.79189947283633,8.199888162933753,1891.9166,81.55793,51.12704,1.1223117,4.1128716,-1.577479,2.1561553
2010-12-01,Switzerland,46.79189947283633,8.199888162933753,1633.1871,79.96205,36.642227,-4.176163,-1.0416027,-7.0937796,2.2496803
2011-01-01,Switzerland,46.79189947283633,8.199888162933753,712.2388,76.332504,54.054047,-2.4415898,0.7494233,-5.1631536,2.0596185
2011-02-01,Switzerland,46.79189947283633,8.199888162933753,597.79285,70.88166,88.889366,-0.3700449,3.6811888,-3.5676143,1.7512573
2011-03-01,Switzerland,46.79189947283633,8.199888162933753,612.4935,69.85278,150.5927,2.433218,6.9939017,-1.3864001,2.2600973
2011-04-01,Switzerland,46.79189947283633,8.199888162933753,391.09668,64.03461,227.9685,7.747314,13.365519,2.6717222,2.1861892
2011-05-01,Switzerland,46.79189947283633,8.199888162933753,1351.9032,68.15723,246.97305,10.64622,16.197056,5.5450134,2.135765
2011-06-01,Switzerland,46.79189947283633,8.199888162933753,1952.1366,76.276794,203.5997,12.377966,16.885307,8.304639,2.1960173
2011-07-01,Switzerland,46.79189947283633,8.199888162933753,2446.5,74.89865,209.66809,12.130247,16.745113,8.113064,2.185311
2011-08-01,Switzerland,46.79189947283633,8.199888162933753,1420.9452,71.60477,217.86353,15.244871,20.528347,10.628593,2.0721717
2011-09-01,Switzerland,46.79189947283633,8.199888162933753,1459.5167,76.459015,167.06918,12.734672,17.683836,8.660681,1.8751366
2011-10-01,Switzerland,46.79189947283633,8.199888162933753,1445.6323,74.32489,115.93383,6.5327334,11.345743,2.7820559,1.927646
2011-11-01,Switzerland,46.79189947283633,8.199888162933753,289.82333,70.52924,64.59629,3.7319515,8.088541,0.7419314,1.6011289
2011-12-01,Switzerland,46.79189947283633,8.199888162933753,3583.7063,82.155945,33.663944,-0.53642505,2.5631185,-3.340378,2.8939104
2012-01-01,Switzerland,46.79189947283633,8.199888162933753,2322.9163,79.66531,44.00265,-1.7938148,1.2560811,-4.4046226,2.7228699
2012-02-01,Switzerland,46.79189947283633,8.199888162933753,412.16208,71.66994,95.40353,-6.6094418,-2.606236,-10.326151,2.4173243
2012-03-01,Switzerland,46.79189947283633,8.199888162933753,565.7484,64.46735,170.55792,3.748111,9.1476965,-0.84213686,2.1492808
2012-04-01,Switzerland,46.79189947283633,8.199888162933753,1918.5966,75.198364,166.00623,4.11251,8.233314,0.52575517,2.7898424
2012-05-01,Switzerland,46.79189947283633,8.199888162933753,1365.771,71.039635,233.32552,9.406283,14.52896,4.8202124,2.3822114
2012-06-01,Switzerland,46.79189947283633,8.199888162933753,2413.317,76.15379,231.81699,13.294592,17.937817,9.100815,2.2781587
2012-07-01,Switzerland,46.79189947283633,8.199888162933753,1773.5483,75.91881,221.9187,13.965589,18.700241,9.80539,2.2980409
2012-08-01,Switzerland,46.79189947283633,8.199888162933753,2139.3196,74.112465,220.45793,15.520309,20.710009,10.95227,1.9983599
2012-09-01,Switzerland,46.79189947283633,8.199888162933753,1720.93,78.719696,146.58125,10.651677,15.264112,6.6708207,2.1241267
2012-10-01,Switzerland,46.79189947283633,8.199888162933753,1785.8324,79.88475,92.522934,6.8297443,10.951696,3.4976842,1.969014
2012-11-01,Switzerland,46.79189947283633,8.199888162933753,1933.2969,78.56986,55.603706,2.813365,6.2288766,0.071443014,1.9384713
2012-12-01,Switzerland,46.79189947283633,8.199888162933753,2607.558,81.85006,36.815052,-2.2774415,0.8718731,-5.3258424,2.6553383
2013-01-01,Switzerland,46.79189947283633,8.199888162933753,1009.8258,78.00694,47.3871,-2.60217,0.49746653,-5.682276,2.2362669
2013-02-01,Switzerland,46.79189947283633,8.199888162933753,1365.2715,78.97259,81.58492,-5.3991704,-2.0204277,-8.552142,2.4540515
2013-03-01,Switzerland,46.79189947283633,8.199888162933753,889.0871,76.094894,118.4433,-0.6956347,3.0915084,-3.8777146,2.447733
2013-04-01,Switzerland,46.79189947283633,8.199888162933753,1750.0701,76.37756,163.80681,4.9210944,9.332592,1.0330757,2.32678
2013-05-01,Switzerland,46.79189947283633,8.199888162933753,2911.9905,81.154945,177.88472,6.2247353,10.324867,2.943143,2.586275
2013-06-01,Switzerland,46.79189947283633,8.199888162933753,1655.4266,75.95649,229.03252,11.420549,16.15175,7.1930847,2.366226
2013-07-01,Switzerland,46.79189947283633,8.199888162933753,1538.4484,72.17589,259.5767,15.947327,21.345842,11.177624,2.133026
2013-08-01,Switzerland,46.79189947283633,8.199888162933753,1437.6904,75.15292,218.78777,14.290533,19.268412,9.903324,2.0369859
2013-09-01,Switzerland,46.79189947283633,8.199888162933753,1826.7999,78.712585,151.31036,10.944108,15.301662,7.242824,2.1751022
2013-10-01,Switzerland,46.79189947283633,8.199888162933753,1923.4418,83.73198,86.83248,7.9018893,11.540076,4.992706,2.148155
2013-11-01,Switzerland,46.79189947283633,8.199888162933753,2087.6702,82.14809,50.10889,0.593005,3.6104124,-2.158731,2.6069496
2013-12-01,Switzerland,46.79189947283633,8.199888162933753,1097.3258,71.3797,47.5843,-0.54279363,3.193699,-3.7559297,2.2895849
2014-01-01,Switzerland,46.79189947283633,8.199888162933753,1199.3193,80.34833,46.64767,-0.59406435,2.6179528,-3.5779252,2.1061738
2014-02-01,Switzerland,46.79189947283633,8.199888162933753,1679.2893,79.287605,79.7604,-0.42324358,3.1787653,-3.640711,2.5686843
2014-03-01,Switzerland,46.79189947283633,8.199888162933753,801.1387,67.339645,160.48543,2.787208,7.8474436,-1.6472247,2.2404199
2014-04-01,Switzerland,46.79189947283633,8.199888162933753,1342.0267,71.79503,185.16156,6.152049,10.838358,2.0288754,2.2972875
2014-05-01,Switzerland,46.79189947283633,8.199888162933753,1696.2484,74.65921,215.1028,7.662597,12.171353,3.6082265,2.8445466
2014-06-01,Switzerland,46.79189947283633,8.199888162933753,1397.0767,70.304146,256.7386,13.045614,18.373575,8.110968,2.2755067
2014-07-01,Switzerland,46.79189947283633,8.199888162933753,3559.5642,81.22784,186.89017,13.237816,17.468079,9.560205,2.0970423
2014-08-01,Switzerland,46.79189947283633,8.199888162933753,2324.6838,81.05874,175.06409,12.013707,16.268082,8.444968,2.13178
2014-09-01,Switzerland,46.79189947283633,8.199888162933753,873.83997,80.98444,158.72963,11.129086,15.657378,7.3792305,1.9306779
2014-10-01,Switzerland,46.79189947283633,8.199888162933753,1630.7775,80.556404,100.56924,8.687345,12.789188,5.2180114,2.1475878
2014-11-01,Switzerland,46.79189947283633,8.199888162933753,2200.8298,82.46857,53.52326,4.2987623,7.491763,1.656329,1.945814
2014-12-01,Switzerland,46.79189947283633,8.199888162933753,1016.0645,80.26317,34.57491,-0.41971365,2.2674558,-3.1095312,2.5161853
2015-01-01,Switzerland,46.79189947283633,8.199888162933753,1893.8291,77.70605,47.62681,-1.65478,1.7128766,-4.85615,2.830491
2015-02-01,Switzerland,46.79189947283633,8.199888162933753,946.3893,75.5599,82.10729,-3.2885072,0.36709124,-6.678294,2.3915894
2015-03-01,Switzerland,46.79189947283633,8.199888162933753,1576.9482,71.7654,137.11147,1.9754477,6.439667,-1.9615028,2.807303
2015-04-01,Switzerland,46.79189947283633,8.199888162933753,1392.8033,65.438034,207.24823,5.321104,10.401557,0.5159568,2.6692057
2015-05-01,Switzerland,46.79189947283633,8.199888162933753,2447.042,74.62813,205.58186,9.249777,13.861274,5.034232,2.5840845
2015-06-01,Switzerland,46.79189947283633,8.199888162933753,1733.3733,73.58587,237.04904,13.497118,18.477846,9.01619,2.317633
2015-07-01,Switzerland,46.79189947283633,8.199888162933753,863.8484,65.72849,256.7499,17.593193,23.122742,12.201296,2.4423008
2015-08-01,Switzerland,46.79189947283633,8.199888162933753,1424.3225,74.82832,205.3911,15.456497,20.431686,11.150946,1.9873888
2015-09-01,Switzerland,46.79189947283633,8.199888162933753,1587.1001,79.42915,145.44902,8.916797,13.275882,5.240274,2.4035907
2015-10-01,Switzerland,46.79189947283633,8.199888162933753,1031.629,81.17928,95.22229,5.895075,9.719346,2.6448605,1.9217153
2015-11-01,Switzerland,46.79189947283633,8.199888162933753,1165.4833,72.45707,66.08674,4.19709,8.328004,0.4895973,2.3144078
2015-12-01,Switzerland,46.79189947283633,8.199888162933753,233.6871,71.96199,49.37828,2.2163358,6.062803,-1.104847,1.699946
2016-01-01,Switzerland,46.79189947283633,8.199888162933753,2349.7227,79.76323,46.41047,-1.1337837,2.0359418,-4.297882,2.420676
2016-02-01,Switzerland,46.79189947283633,8.199888162933753,2024.3171,80.56199,69.68237,-0.24330267,3.2078176,-3.549212,3.0742593
2016-03-01,Switzerland,46.79189947283633,8.199888162933753,923.0581,72.90717,141.85477,0.13185382,4.560673,-3.7062376,2.716798
2016-04-01,Switzerland,46.79189947283633,8.199888162933753,2150.6033,75.91759,166.05193,4.6064873,8.88256,0.822712,2.7018142
2016-05-01,Switzerland,46.79189947283633,8.199888162933753,2795.526,75.09127,182.24493,7.8611536,12.422301,3.7846203,2.5353808
2016-06-01,Switzerland,46.79189947283633,8.199888162933753,2814.4136,81.321785,186.14297,11.936041,16.5016,8.134002,2.0399625
2016-07-01,Switzerland,46.79189947283633,8.199888162933753,1723.4583,74.56115,202.73026,15.013607,20.029036,10.350337,2.1660762
2016-08-01,Switzerland,46.79189947283633,8.199888162933753,1228.0452,74.37053,215.70657,14.70164,19.814175,10.132552,2.0122418
2016-09-01,Switzerland,46.79189947283633,8.199888162933753,1132.1166,77.80209,135.1699,12.817476,17.155378,8.873333,1.8944758
2016-10-01,Switzerland,46.79189947283633,8.199888162933753,1042.6161,80.08964,93.95183,5.362738,9.252921,2.045414,2.0658855
2016-11-01,Switzerland,46.79189947283633,8.199888162933753,1523.8633,80.373085,50.862072,1.771871,4.9270425,-1.215295,2.4602144
2016-12-01,Switzerland,46.79189947283633,8.199888162933753,23.390322,68.20561,50.467957,-0.08419704,3.7880077,-3.1369343,1.8053412
2017-01-01,Switzerland,46.79189947283633,8.199888162933753,1133.3613,73.55609,54.955772,-4.9640183,-2.005568,-7.6926827,2.449819
2017-02-01,Switzerland,46.79189947283633,8.199888162933753,1165.4644,75.787674,86.61365,0.4843244,4.529353,-2.9635518,2.3537297
2017-03-01,Switzerland,46.79189947283633,8.199888162933753,1764.9387,72.54771,147.04953,4.158393,8.877132,0.099561006,2.6714532
2017-04-01,Switzerland,46.79189947283633,8.199888162933753,1403.3333,69.2764,201.3254,4.3473134,9.280795,-0.17275374,2.6301298
2017-05-01,Switzerland,46.79189947283633,8.199888162933753,1365.0421,72.35792,224.54137,9.77499,15.070611,5.061691,2.34327
2017-06-01,Switzerland,46.79189947283633,8.199888162933753,1738.6866,71.71566,245.23676,15.050328,20.30532,10.202718,2.3986626
2017-07-01,Switzerland,46.79189947283633,8.199888162933753,1744.9548,74.77217,208.0365,14.929242,19.919098,10.519565,2.38327
2017-08-01,Switzerland,46.79189947283633,8.199888162933753,1999.4775,74.99778,205.36458,15.318911,20.445328,10.81474,2.0792987
2017-09-01,Switzerland,46.79189947283633,8.199888162933753,1546.5765,80.22573,142.09038,8.590922,13.117328,4.8881874,2.0739548
2017-10-01,Switzerland,46.79189947283633,8.199888162933753,907.7,72.98129,114.2856,7.7407484,12.619622,3.6303525,2.1409357
2017-11-01,Switzerland,46.79189947283633,8.199888162933753,1653.6166,78.87387,54.762295,0.76838154,4.163228,-2.2616622,2.44593
2017-12-01,Switzerland,46.79189947283633,8.199888162933753,2326.4807,80.434746,37.555267,-2.6987789,0.6295801,-5.9719357,2.5985024
2018-01-01,Switzerland,46.79189947283633,8.199888162933753,3481.9646,80.79069,45.302933,0.34742486,3.8505473,-2.67778,3.066853
2018-02-01,Switzerland,46.79189947283633,8.199888162933753,827.90717,77.91388,78.11889,-5.42196,-2.0918424,-8.568933,2.5745456
2018-03-01,Switzerland,46.79189947283633,8.199888162933753,1589.5709,78.39894,114.5704,-0.3121032,3.5014136,-3.807361,2.510349
2018-04-01,Switzerland,46.79189947283633,8.199888162933753,719.56006,65.47079,207.99281,7.574891,12.941115,2.5556664,2.637171
2018-05-01,Switzerland,46.79189947283633,8.199888162933753,1604.5,77.58273,193.88753,10.294885,15.146983,6.049265,2.1597652
2018-06-01,Switzerland,46.79189947283633,8.199888162933753,1148.4534,73.316734,242.4674,13.632692,18.70877,8.779775,2.341694
2018-07-01,Switzerland,46.79189947283633,8.199888162933753,1038.0613,69.22632,242.16537,15.90006,21.604864,10.883738,2.1278088
2018-08-01,Switzerland,46.79189947283633,8.199888162933753,1637.1259,72.914536,212.6261,15.819941,21.254147,11.068607,2.108889
2018-09-01,Switzerland,46.79189947283633,8.199888162933753,907.29663,74.31873,178.24266,12.427492,17.817312,7.707894,2.0104022
2018-10-01,Switzerland,46.79189947283633,8.199888162933753,1564.5516,74.67467,108.611755,7.8006053,12.730681,3.7809849,2.3235552
2018-11-01,Switzerland,46.79189947283633,8.199888162933753,633.11334,81.63618,53.98541,2.766987,5.9749055,0.061104726,1.9956175
2018-12-01,Switzerland,46.79189947283633,8.199888162933753,2521.8064,80.01017,38.38695,-0.23773296,2.903827,-3.1787424,2.6471796
2019-01-01,Switzerland,46.79189947283633,8.199888162933753,1472.3322,78.10678,51.185158,-4.4477577,-1.2715602,-7.4820104,2.8013594
2019-02-01,Switzerland,46.79189947283633,8.199888162933753,803.3357,64.664986,109.477135,0.5000132,5.572501,-3.950624,2.24177
2019-03-01,Switzerland,46.79189947283633,8.199888162933753,1545.8031,66.63013,155.62552,2.0408525,7.0959687,-2.4569628,3.3119798
2019-04-01,Switzerland,46.79189947283633,8.199888162933753,1709.6799,72.4615,177.56763,4.336876,8.868616,0.27255547,2.636984
2019-05-01,Switzerland,46.79189947283633,8.199888162933753,1936.0096,75.93676,185.33685,5.9498286,10.381598,1.9486656,2.789355
2019-06-01,Switzerland,46.79189947283633,8.199888162933753,1690.3033,68.94874,205.95705,15.070432,20.590672,9.558137,2.3097272
2019-07-01,Switzerland,46.79189947283633,8.199888162933753,1443.9033,70.30557,223.264,16.060448,21.317354,11.171884,2.2165225
2019-08-01,Switzerland,46.79189947283633,8.199888162933753,2103.7131,75.8492,204.84302,14.860257,19.917185,10.439117,2.0373757
2019-09-01,Switzerland,46.79189947283633,8.199888162933753,1192.7966,76.98873,163.63031,11.273868,15.973425,7.0928087,2.1716945
2019-10-01,Switzerland,46.79189947283633,8.199888162933753,2400.132,81.023254,89.88509,8.354763,12.431121,4.77588,2.2744498
2019-11-01,Switzerland,46.79189947283633,8.199888162933753,2021.5901,85.2195,48.209553,1.4410402,4.3317,-1.0800785,2.3165324
2019-12-01,Switzerland,46.79189947283633,8.199888162933753,1814.0677,76.966805,39.535774,0.63362026,3.9489183,-2.5346859,2.9307716
2020-01-01,Switzerland,46.79189947283633,8.199888162933753,570.7388,71.69519,56.172108,-0.49774057,3.59648,-4.14196,2.2134514
2020-02-01,Switzerland,46.79189947283633,8.199888162933753,2070.7102,69.52691,86.28843,1.5168592,6.08197,-2.6057386,3.698216
2020-03-01,Switzerland,46.79189947283633,8.199888162933753,1046.7775,72.90513,143.68394,1.416196,5.974486,-2.7659233,2.7510207
2020-04-01,Switzerland,46.79189947283633,8.199888162933753,617.93665,60.366505,220.93216,7.5220504,13.338834,2.083419,2.192726
2020-05-01,Switzerland,46.79189947283633,8.199888162933753,1378.9484,71.882576,193.96524,9.493831,14.550494,4.4575176,2.648265
2020-06-01,Switzerland,46.79189947283633,8.199888162933753,2409.2234,78.44985,177.12881,11.71764,16.28436,7.721517,2.3128934
2020-07-01,Switzerland,46.79189947283633,8.199888162933753,1059.058,70.352684,201.46765,15.187011,20.456694,10.105044,2.2863646
2020-08-01,Switzerland,46.79189947283633,8.199888162933753,2586.8806,74.04752,190.82295,14.91414,20.041716,10.477779,2.095055
2020-09-01,Switzerland,46.79189947283633,8.199888162933753,1058.2867,78.29885,157.6906,11.715718,16.58536,7.6381483,2.0023506
2020-10-01,Switzerland,46.79189947283633,8.199888162933753,2533.574,81.42784,83.29133,5.3139057,9.105447,2.2279606,2.4452965
2020-11-01,Switzerland,46.79189947283633,8.199888162933753,334.25,74.21217,63.26526,3.5688894,7.8038635,0.2776207,1.7666236
2020-12-01,Switzerland,46.79189947283633,8.199888162933753,1559.7194,82.43023,34.94681,-1.3607218,1.4319717,-4.160231,2.21907
2021-01-01,Switzerland,46.79189947283633,8.199888162933753,2565.6292,80.408905,44.39627,-3.7281692,-0.87613934,-6.722537,2.6030781
2021-02-01,Switzerland,46.79189947283633,8.199888162933753,765.1929,72.626724,94.17936,0.6666457,4.8786597,-3.2384872,2.3327463
2021-03-01,Switzerland,46.79189947283633,8.199888162933753,988.38715,67.80595,154.72401,0.745313,5.377574,-3.4425395,2.6670306
2021-04-01,Switzerland,46.79189947283633,8.199888162933753,607.5301,65.96056,209.4566,2.7757719,7.7053947,-1.7730876,2.7311742
2021-05-01,Switzerland,46.79189947283633,8.199888162933753,2565.3032,74.04632,180.34602,6.106466,10.586412,1.8625195,3.056908
2021-06-01,Switzerland,46.79189947283633,8.199888162933753,2261.67,75.04459,244.0903,14.203523,19.402288,9.467754,2.2377162
2021-07-01,Switzerland,46.79189947283633,8.199888162933753,3705.9321,80.150276,199.55847,13.758768,18.44287,9.688498,2.3119936
2021-08-01,Switzerland,46.79189947283633,8.199888162933753,1522.8389,78.95837,190.09993,12.958332,17.502163,9.021464,2.2618163
2021-09-01,Switzerland,46.79189947283633,8.199888162933753,1022.97003,78.60725,163.8197,11.99044,16.853548,7.865558,1.8740246
2021-10-01,Switzerland,46.79189947283633,8.199888162933753,855.9452,73.921745,107.00796,6.1738963,10.8986635,2.2121134,2.2696104
2021-11-01,Switzerland,46.79189947283633,8.199888162933753,1018.9733,81.62104,50.837708,1.0378536,4.3053284,-1.767913,2.0762837
2021-12-01,Switzerland,46.79189947283633,8.199888162933753,1803.6031,78.575455,38.69541,-0.93203396,2.2771447,-4.0518394,2.3459852
2022-01-01,Switzerland,46.79189947283633,8.199888162933753,730.54846,70.46544,58.857056,-1.7159984,2.2364728,-5.1990156,2.6409333
2022-02-01,Switzerland,46.79189947283633,8.199888162933753,1567.0857,70.85204,93.528015,-0.30856672,4.0956483,-4.465052,3.1734712
2022-03-01,Switzerland,46.79189947283633,8.199888162933753,273.40967,57.89291,147.36896,2.1848464,7.6021028,-2.6514244,2.2048025
2022-04-01,Switzerland,46.79189947283633,8.199888162933753,1489.8165,70.402145,183.30266,4.5440807,9.383541,0.00087691465,2.6833286
2022-05-01,Switzerland,46.79189947283633,8.199888162933753,999.0871,73.10438,238.43192,11.331445,16.347046,6.678897,2.2439282
2022-06-01,Switzerland,46.79189947283633,8.199888162933753,2113.59,71.889694,252.34717,15.022177,20.477865,9.793843,2.352803
2022-07-01,Switzerland,46.79189947283633,8.199888162933753,943.8161,65.71877,281.95728,16.664774,22.34199,11.156992,2.348563
2022-08-01,Switzerland,46.79189947283633,8.199888162933753,1421.487,70.67332,226.44101,15.831699,21.35737,10.96468,2.1770165
2022-09-01,Switzerland,46.79189947283633,8.199888162933753,2343.5967,79.51561,149.04636,9.884004,14.200525,6.274903,2.240795
2022-10-01,Switzerland,46.79189947283633,8.199888162933753,1529.829,78.26257,102.75677,10.358503,14.882691,6.672413,1.8992074
2022-11-01,Switzerland,46.79189947283633,8.199888162933753,1187.43,78.92614,57.577698,3.2242942,6.6325984,0.17019819,2.0267906
2022-12-01,Switzerland,46.79189947283633,8.199888162933753,1458.4163,81.60142,37.15878,-0.4488507,2.5441031,-3.470854,2.2073138
2023-01-01,Switzerland,46.79189947283633,8.199888162933753,838.1742,76.869835,47.927383,-1.8807812,1.2066741,-5.0219193,2.7339878
2023-02-01,Switzerland,46.79189947283633,8.199888162933753,314.67502,70.01003,103.981514,-0.08161326,4.3738995,-3.8620002,2.3906634
2023-03-01,Switzerland,46.79189947283633,8.199888162933753,2023.413,72.55182,131.80214,2.4829144,6.818886,-1.4872468,2.89274
2023-04-01,Switzerland,46.79189947283633,8.199888162933753,1944.1768,75.77652,179.45297,3.5861235,7.694697,-0.09479334,2.6875715
2023-05-01,Switzerland,46.79189947283633,8.199888162933753,1604.1482,78.09645,209.49556,9.233094,13.719321,5.3389616,2.3432066
2023-06-01,Switzerland,46.79189947283633,8.199888162933753,1052.2999,66.953445,268.69675,14.747262,20.320335,9.370844,2.199625
2023-07-01,Switzerland,46.79189947283633,8.199888162933753,1761.4451,72.19653,236.28658,15.68738,20.833351,10.864355,2.4659789
2023-08-01,Switzerland,46.79189947283633,8.199888162933753,2711.113,73.08185,193.25928,15.265759,20.41968,10.839925,2.2828295
2023-09-01,Switzerland,46.79189947283633,8.199888162933753,1215.56,74.11579,180.35435,14.054217,19.364721,9.547976,1.7632378
2023-10-01,Switzerland,46.79189947283633,8.199888162933753,2046.8484,73.290184,106.1952,9.528331,14.299605,5.4275694,2.2483008
2023-11-01,Switzerland,46.79189947283633,8.199888162933753,3638.2468,82.27277,47.267403,1.4523526,4.804735,-1.6901288,3.0175793
2023-12-01,Switzerland,46.79189947283633,8.199888162933753,2537.6292,79.07732,38.097275,0.44541615,3.6795397,-2.5903568,2.6892283
2024-01-01,Switzerland,46.79189947283633,8.199888162933753,1544.142,75.906586,51.00459,-0.8486175,2.7463188,-4.23386,1.9567974
2024-02-01,Switzerland,46.79189947283633,8.199888162933753,1261.7896,76.423096,79.515015,2.568929,6.185838,-0.6444366,1.8799324
2024-03-01,Switzerland,46.79189947283633,8.199888162933753,2392.5388,76.1977,123.29999,3.1304488,7.079247,-0.55190456,2.1093411
2024-04-01,Switzerland,46.79189947283633,8.199888162933753,1459.1333,71.144455,177.41577,4.9878817,9.540741,0.7464713,2.1049647
2024-05-01,Switzerland,46.79189947283633,8.199888162933753,2723.287,79.179436,189.59557,8.717745,13.200663,4.845198,1.9308861
2024-06-01,Switzerland,46.79189947283633,8.199888162933753,2225.6567,78.23761,211.35333,13.00329,17.567812,8.815228,1.856933
2024-07-01,Switzerland,46.79189947283633,8.199888162933753,1668.7905,75.85446,240.23283,15.899935,20.917534,11.414955,1.8476533
2024-08-01,Switzerland,46.79189947283633,8.199888162933753,1145.1259,74.8058,227.21844,16.749514,22.033457,12.120714,1.6140453
2024-09-01,Switzerland,46.79189947283633,8.199888162933753,2377.85,81.131256,133.41948,9.813383,13.869533,6.343812,2.078596
2024-10-01,Switzerland,46.79189947283633,8.199888162933753,1934.8356,84.33337,82.990036,8.345016,12.033108,5.2201586,1.745361
2024-11-01,Switzerland,46.79189947283633,8.199888162933753,1129.14,73.987595,65.83274,2.5795531,6.726732,-0.76376086,1.7379887
2024-12-01,Switzerland,46.79189947283633,8.199888162933753,1395.6613,76.17464,42.577206,-1.119458,2.2170768,-4.1761365,2.027419
