time,area_name,lat,lon,rr,hu,qq,tg,tx,tn,fg,outbreak,cases
2000-01-01,United_Kingdom,52.84166795914305,-2.32006248749123,2185.813,85.14752,28.523687,4.515813,7.844456,1.729327,4.476891,0,0.0
2000-02-01,United_Kingdom,52.84166795914305,-2.32006248749123,4588.3203,82.04906,53.57512,5.882923,9.079001,2.8352945,5.4522066,0,0.0
2000-03-01,United_Kingdom,52.84166795914305,-2.32006248749123,1696.3291,78.936646,93.20348,7.1273394,10.829905,3.57606,4.39911,0,0.0
2000-04-01,United_Kingdom,52.84166795914305,-2.32006248749123,6642.387,81.55902,138.43893,7.609706,11.781872,3.8704932,3.9550917,0,0.0
2000-05-01,United_Kingdom,52.84166795914305,-2.32006248749123,4094.6035,78.45339,202.9189,11.644873,16.315535,7.401926,3.7418175,0,0.0
2000-06-01,United_Kingdom,52.84166795914305,-2.32006248749123,2353.03,77.68858,201.45496,14.346119,18.963932,10.364637,3.7080798,0,0.0
2000-07-01,United_Kingdom,52.84166795914305,-2.32006248749123,3006.8906,79.59033,190.02808,14.812811,19.215029,10.794201,3.1660368,0,0.0
2000-08-01,United_Kingdom,52.84166795914305,-2.32006248749123,2993.1807,79.58886,177.23883,16.359447,20.995647,11.7151985,3.135411,0,0.0
2000-09-01,United_Kingdom,52.84166795914305,-2.32006248749123,6050.44,84.88553,111.85868,14.4154825,18.396166,10.732138,3.5893383,0,0.0
2000-10-01,United_Kingdom,52.84166795914305,-2.32006248749123,8283.948,84.0668,62.25973,10.091205,13.213504,6.8939776,4.436325,0,0.0
2000-11-01,United_Kingdom,52.84166795914305,-2.32006248749123,8203.701,86.28839,34.456192,6.6472864,9.693453,3.8874676,4.6203117,0,0.0
2000-12-01,United_Kingdom,52.84166795914305,-2.32006248749123,5858.4673,85.56847,20.971489,5.455361,7.7984886,3.194405,4.904677,0,0.0
2001-01-01,United_Kingdom,52.84166795914305,-2.32006248749123,3471.468,86.62851,30.540443,3.2191741,5.888069,0.57022166,3.7777815,0,0.0
2001-02-01,United_Kingdom,52.84166795914305,-2.32006248749123,4915.8643,84.43054,56.198826,4.0957127,7.9069753,0.83684593,3.8770006,0,0.0
2001-03-01,United_Kingdom,52.84166795914305,-2.32006248749123,4167.9556,83.50432,85.314156,4.92178,8.688524,1.8172917,4.0980515,0,0.0
2001-04-01,United_Kingdom,52.84166795914305,-2.32006248749123,4708.2236,79.11552,145.32707,7.4446244,11.218984,3.744777,4.349461,0,0.0
2001-05-01,United_Kingdom,52.84166795914305,-2.32006248749123,1978.7001,74.91566,219.0569,12.034734,17.258108,7.285649,3.582697,0,0.0
2001-06-01,United_Kingdom,52.84166795914305,-2.32006248749123,2110.4534,73.6162,218.37978,13.744865,18.57495,9.312141,3.7217515,0,0.0
2001-07-01,United_Kingdom,52.84166795914305,-2.32006248749123,3260.674,76.81737,203.82332,16.698408,21.346195,12.278129,3.5394442,0,0.0
2001-08-01,United_Kingdom,52.84166795914305,-2.32006248749123,4054.8193,80.32793,172.98581,16.5874,20.93752,12.304135,3.3487358,0,0.0
2001-09-01,United_Kingdom,52.84166795914305,-2.32006248749123,3880.5005,82.48966,112.89655,13.118133,16.637037,9.610257,4.271871,0,0.0
2001-10-01,United_Kingdom,52.84166795914305,-2.32006248749123,6031.042,85.569305,68.83155,13.174197,16.194763,10.266091,4.7199345,0,0.0
2001-11-01,United_Kingdom,52.84166795914305,-2.32006248749123,2878.1897,84.92867,36.20305,7.006711,10.994976,3.6444247,3.8708062,0,0.0
2001-12-01,United_Kingdom,52.84166795914305,-2.32006248749123,2007.7356,84.99224,26.98256,3.2682896,6.851961,0.36904275,3.936706,0,0.0
2002-01-01,United_Kingdom,52.84166795914305,-2.32006248749123,3868.8127,87.01379,27.105902,5.243991,8.714655,2.4151533,4.74698,0,0.0
2002-02-01,United_Kingdom,52.84166795914305,-2.32006248749123,6837.586,81.10242,53.46157,6.535135,9.888624,3.5882726,6.509713,0,0.0
2002-03-01,United_Kingdom,52.84166795914305,-2.32006248749123,2245.7903,79.90142,100.114815,7.251708,11.388211,3.455884,4.4082932,0,0.0
2002-04-01,United_Kingdom,52.84166795914305,-2.32006248749123,2402.1968,74.85518,165.68459,9.003076,13.609204,4.3756723,4.2379036,0,0.0
2002-05-01,United_Kingdom,52.84166795914305,-2.32006248749123,4241.016,79.36369,193.05377,11.571766,15.738381,7.7706404,4.509042,0,0.0
2002-06-01,United_Kingdom,52.84166795914305,-2.32006248749123,2878.3564,77.90277,195.28006,14.049721,18.09975,9.987951,4.0021334,0,0.0
2002-07-01,United_Kingdom,52.84166795914305,-2.32006248749123,4506.7197,79.43265,183.76112,15.571467,20.120024,11.361207,3.289,0,0.0
2002-08-01,United_Kingdom,52.84166795914305,-2.32006248749123,3546.4612,81.88191,162.90747,16.8013,21.224287,12.613755,2.8168132,0,0.0
2002-09-01,United_Kingdom,52.84166795914305,-2.32006248749123,1756.5833,77.72093,129.00366,14.060774,18.494469,9.712459,2.9161978,0,0.0
2002-10-01,United_Kingdom,52.84166795914305,-2.32006248749123,6190.4067,82.859955,67.913155,9.762236,13.388478,6.2822676,3.86104,0,0.0
2002-11-01,United_Kingdom,52.84166795914305,-2.32006248749123,7173.4907,89.21617,33.75224,8.188702,11.016806,5.580026,3.8047807,0,0.0
2002-12-01,United_Kingdom,52.84166795914305,-2.32006248749123,6117.5415,87.755775,18.805754,5.546979,7.563211,3.6682036,4.157641,0,0.0
2003-01-01,United_Kingdom,52.84166795914305,-2.32006248749123,4161.165,83.76708,31.900042,4.2413483,7.244611,1.7274829,4.8652353,0,0.0
2003-02-01,United_Kingdom,52.84166795914305,-2.32006248749123,1974.1859,82.40828,60.39436,3.710237,7.440105,0.40646443,3.8246841,0,0.0
2003-03-01,United_Kingdom,52.84166795914305,-2.32006248749123,1519.6,77.233284,122.93224,7.2416887,12.0501375,2.6032572,3.7620714,0,0.0
2003-04-01,United_Kingdom,52.84166795914305,-2.32006248749123,2102.807,70.94305,169.29848,9.263684,14.553175,4.5147514,4.1284447,0,0.0
2003-05-01,United_Kingdom,52.84166795914305,-2.32006248749123,3565.3777,76.92609,194.02412,11.792657,16.260191,7.5752425,4.1199203,0,0.0
2003-06-01,United_Kingdom,52.84166795914305,-2.32006248749123,3691.7268,74.76314,228.10709,15.719311,20.392828,11.022662,3.507492,0,0.0
2003-07-01,United_Kingdom,52.84166795914305,-2.32006248749123,3328.7422,77.67016,193.51865,17.195026,21.77109,12.890829,3.5925088,0,0.0
2003-08-01,United_Kingdom,52.84166795914305,-2.32006248749123,750.3515,74.07465,195.08295,17.857588,22.96024,12.922969,3.0469291,0,0.0
2003-09-01,United_Kingdom,52.84166795914305,-2.32006248749123,1717.4633,74.417206,134.41359,14.057031,19.605337,8.740903,2.8308775,0,0.0
2003-10-01,United_Kingdom,52.84166795914305,-2.32006248749123,2628.1133,78.14415,75.53982,9.011884,12.890652,5.061263,4.016223,0,0.0
2003-11-01,United_Kingdom,52.84166795914305,-2.32006248749123,4725.223,86.55551,36.699055,7.9032483,11.231067,5.0106726,4.134436,0,0.0
2003-12-01,United_Kingdom,52.84166795914305,-2.32006248749123,4372.468,85.56436,21.77586,4.6948175,7.938985,1.8194759,3.9554105,0,0.0
2004-01-01,United_Kingdom,52.84166795914305,-2.32006248749123,5713.8486,85.17493,26.501053,4.911288,7.928872,2.4092097,4.7192545,0,0.0
2004-02-01,United_Kingdom,52.84166795914305,-2.32006248749123,2408.345,80.44293,58.042065,5.083023,7.9535313,2.446015,4.4942946,0,0.0
2004-03-01,United_Kingdom,52.84166795914305,-2.32006248749123,2316.1292,80.314606,102.14672,6.2244883,10.014946,2.748192,4.3133636,0,0.0
2004-04-01,United_Kingdom,52.84166795914305,-2.32006248749123,4160.654,80.610344,147.89496,9.14686,13.314971,5.2970986,3.8494635,0,0.0
2004-05-01,United_Kingdom,52.84166795914305,-2.32006248749123,1983.6486,77.68712,208.1397,11.76417,16.589148,7.2750726,3.0470254,0,0.0
2004-06-01,United_Kingdom,52.84166795914305,-2.32006248749123,3157.2769,75.47371,217.40825,15.08654,19.756802,10.735751,3.8413482,0,0.0
2004-07-01,United_Kingdom,52.84166795914305,-2.32006248749123,3493.9387,77.43249,194.10353,15.576721,20.056496,11.3227005,3.3888223,0,0.0
2004-08-01,United_Kingdom,52.84166795914305,-2.32006248749123,7610.8354,81.06009,167.00786,17.253714,21.363892,13.223487,3.3856301,0,0.0
2004-09-01,United_Kingdom,52.84166795914305,-2.32006248749123,2706.9734,78.88124,128.08058,14.497864,18.565926,10.554225,4.5684223,0,0.0
2004-10-01,United_Kingdom,52.84166795914305,-2.32006248749123,6458.0137,84.77821,69.60579,10.426078,13.5204115,7.3180795,4.376974,0,0.0
2004-11-01,United_Kingdom,52.84166795914305,-2.32006248749123,2378.8333,85.69707,31.117338,7.3354697,10.41838,4.9349957,3.467723,0,0.0
2004-12-01,United_Kingdom,52.84166795914305,-2.32006248749123,2868.6128,86.51051,21.675125,5.129459,8.629872,2.2874587,3.927982,0,0.0
2005-01-01,United_Kingdom,52.84166795914305,-2.32006248749123,2732.3545,81.82642,27.677769,5.7436104,8.6806965,3.0825555,5.7809005,0,0.0
2005-02-01,United_Kingdom,52.84166795914305,-2.32006248749123,2310.1252,83.0959,51.141655,4.1093583,6.74217,1.4739925,4.4048977,0,0.0
2005-03-01,United_Kingdom,52.84166795914305,-2.32006248749123,2403.6648,81.48415,87.92305,6.854377,10.179581,3.6696315,4.0082097,0,0.0
2005-04-01,United_Kingdom,52.84166795914305,-2.32006248749123,3434.0234,78.30939,151.19826,8.704504,12.933584,4.58207,4.127112,0,0.0
2005-05-01,United_Kingdom,52.84166795914305,-2.32006248749123,2330.4648,74.29833,208.91661,11.08958,15.46522,6.7317433,4.2546144,0,0.0
2005-06-01,United_Kingdom,52.84166795914305,-2.32006248749123,2878.6167,77.28481,212.88452,15.121402,19.920963,10.619544,3.4616973,0,0.0
2005-07-01,United_Kingdom,52.84166795914305,-2.32006248749123,3240.7517,78.01004,196.59467,16.455582,20.660172,12.320165,3.513752,0,0.0
2005-08-01,United_Kingdom,52.84166795914305,-2.32006248749123,2962.8904,76.64431,186.88478,15.866107,20.806923,11.011138,3.3854728,0,0.0
2005-09-01,United_Kingdom,52.84166795914305,-2.32006248749123,3340.5833,80.52593,124.68979,14.982764,19.317034,10.703743,3.6272025,0,0.0
2005-10-01,United_Kingdom,52.84166795914305,-2.32006248749123,5300.4966,85.13735,65.04783,12.85521,15.830155,9.995584,3.9355075,0,0.0
2005-11-01,United_Kingdom,52.84166795914305,-2.32006248749123,3752.8032,84.681496,39.90877,6.0394588,9.538984,2.6165798,4.112911,0,0.0
2005-12-01,United_Kingdom,52.84166795914305,-2.32006248749123,2881.1387,86.63176,23.212622,4.2082086,7.3847165,1.2624203,3.6971977,0,0.0
2006-01-01,United_Kingdom,52.84166795914305,-2.32006248749123,1445.687,86.79376,28.904644,4.1465755,6.549108,1.7835387,3.6754065,0,0.0
2006-02-01,United_Kingdom,52.84166795914305,-2.32006248749123,2749.3325,82.09379,49.969444,3.730568,6.485987,1.1674578,4.2119713,0,0.0
2006-03-01,United_Kingdom,52.84166795914305,-2.32006248749123,3787.0713,78.291794,88.933205,4.607385,8.047468,1.5221823,4.8469877,0,0.0
2006-04-01,United_Kingdom,52.84166795914305,-2.32006248749123,2003.4232,76.45099,158.94221,8.414161,12.3344345,4.4975557,4.142026,0,0.0
2006-05-01,United_Kingdom,52.84166795914305,-2.32006248749123,5452.6387,79.813034,186.88467,11.887639,16.15771,7.852807,4.0018063,0,0.0
2006-06-01,United_Kingdom,52.84166795914305,-2.32006248749123,1113.7832,73.01097,237.56372,15.566343,20.891525,10.620956,3.0697272,0,0.0
2006-07-01,United_Kingdom,52.84166795914305,-2.32006248749123,1877.9387,71.068214,240.86996,19.410793,25.089392,13.724653,3.185123,0,0.0
2006-08-01,United_Kingdom,52.84166795914305,-2.32006248749123,4404.3945,78.86253,159.5668,16.104055,20.085836,12.142904,3.7827706,0,0.0
2006-09-01,United_Kingdom,52.84166795914305,-2.32006248749123,3881.1968,82.04015,125.53518,16.584229,20.695198,12.548862,3.6738727,0,0.0
2006-10-01,United_Kingdom,52.84166795914305,-2.32006248749123,5467.0522,86.07849,66.39361,12.879476,16.033527,9.6754265,4.0450892,0,0.0
2006-11-01,United_Kingdom,52.84166795914305,-2.32006248749123,4977.9824,83.51711,41.185226,8.009627,11.529435,4.5557294,4.736839,0,0.0
2006-12-01,United_Kingdom,52.84166795914305,-2.32006248749123,5480.8555,87.42093,21.18273,6.165301,8.810657,3.7065163,4.839312,0,0.0
2007-01-01,United_Kingdom,52.84166795914305,-2.32006248749123,4888.2583,82.84512,28.34398,6.706178,9.712465,3.92137,6.026819,0,0.0
2007-02-01,United_Kingdom,52.84166795914305,-2.32006248749123,5071.8105,87.10801,50.18909,5.9171166,8.890542,2.92246,3.943394,0,0.0
2007-03-01,United_Kingdom,52.84166795914305,-2.32006248749123,2851.113,80.52435,108.15416,7.014964,11.023837,3.155344,4.8352165,0,0.0
2007-04-01,United_Kingdom,52.84166795914305,-2.32006248749123,478.03,75.892,186.9807,11.025016,16.342192,5.8249316,3.6257,0,0.0
2007-05-01,United_Kingdom,52.84166795914305,-2.32006248749123,5590.588,79.98215,191.12064,11.783197,15.988371,7.7529287,4.1401,0,0.0
2007-06-01,United_Kingdom,52.84166795914305,-2.32006248749123,7216.0737,83.141,180.13443,14.832682,18.88841,10.9000635,3.4712503,0,0.0
2007-07-01,United_Kingdom,52.84166795914305,-2.32006248749123,6501.945,80.61439,194.01001,15.266941,19.177822,11.4542885,4.0436554,0,0.0
2007-08-01,United_Kingdom,52.84166795914305,-2.32006248749123,2567.8196,77.96605,172.2931,15.4421835,19.934444,11.0275545,3.747152,0,0.0
2007-09-01,United_Kingdom,52.84166795914305,-2.32006248749123,2212.72,79.996956,125.63478,13.828072,18.005983,9.670176,3.846449,0,0.0
2007-10-01,United_Kingdom,52.84166795914305,-2.32006248749123,2138.5,86.13871,72.66512,10.752191,14.4966135,7.120123,2.6988206,1,51.0
2007-11-01,United_Kingdom,52.84166795914305,-2.32006248749123,3447.1836,84.48803,34.28595,7.2641654,10.688749,3.90669,3.9656224,1,124.0
2007-12-01,United_Kingdom,52.84166795914305,-2.32006248749123,4282.252,86.66475,24.901085,4.9828095,7.9761734,2.096395,4.4699717,1,220.0
2008-01-01,United_Kingdom,52.84166795914305,-2.32006248749123,6530.4453,86.2698,25.994442,6.3518653,9.383583,3.551875,5.5275884,1,220.0
2008-02-01,United_Kingdom,52.84166795914305,-2.32006248749123,2082.3828,81.873566,63.378284,5.375666,9.719615,1.177553,4.339549,1,220.0
2008-03-01,United_Kingdom,52.84166795914305,-2.32006248749123,4527.5454,78.19072,99.996414,5.9694557,9.412368,2.5878253,5.551276,1,227.0
2008-04-01,United_Kingdom,52.84166795914305,-2.32006248749123,3631.7466,80.38867,158.58542,7.807472,11.987205,3.81429,4.220786,1,229.0
2008-05-01,United_Kingdom,52.84166795914305,-2.32006248749123,2953.842,77.26438,199.99658,12.937627,17.608315,8.535967,3.7294917,1,234.0
2008-06-01,United_Kingdom,52.84166795914305,-2.32006248749123,3111.3,77.146355,218.02753,14.089586,18.542208,9.806895,3.7184281,0,0.0
2008-07-01,United_Kingdom,52.84166795914305,-2.32006248749123,5067.8647,78.51177,194.4017,16.196083,20.507551,12.005732,3.861442,0,0.0
2008-08-01,United_Kingdom,52.84166795914305,-2.32006248749123,5642.897,82.77158,140.90591,16.282415,19.74834,12.881448,4.052252,0,0.0
2008-09-01,United_Kingdom,52.84166795914305,-2.32006248749123,4863.3276,83.27921,114.10157,13.428609,17.085403,9.716842,3.4110637,0,0.0
2008-10-01,United_Kingdom,52.84166795914305,-2.32006248749123,4726.5034,83.40982,72.53879,9.617955,13.452808,5.863704,4.3401113,0,0.0
2008-11-01,United_Kingdom,52.84166795914305,-2.32006248749123,4082.2568,86.18779,30.997595,7.013655,9.647002,4.3756366,4.593308,0,0.0
2008-12-01,United_Kingdom,52.84166795914305,-2.32006248749123,2783.626,87.41203,24.895538,3.6518316,6.487742,0.9605375,3.681698,0,0.0
2009-01-01,United_Kingdom,52.84166795914305,-2.32006248749123,4058.7063,87.01001,29.973219,3.0130715,5.9835844,0.15363136,4.0432205,0,0.0
2009-02-01,United_Kingdom,52.84166795914305,-2.32006248749123,2640.1428,86.258095,49.904408,4.1685514,7.013313,1.4608655,3.5731163,0,0.0
2009-03-01,United_Kingdom,52.84166795914305,-2.32006248749123,2100.1387,79.0738,116.77564,6.8401623,10.9674225,2.753295,4.375441,0,0.0
2009-04-01,United_Kingdom,52.84166795914305,-2.32006248749123,2059.1467,79.829704,154.91374,9.679579,14.222022,5.2208834,3.6213286,0,0.0
2009-05-01,United_Kingdom,52.84166795914305,-2.32006248749123,2787.1577,76.75948,209.39502,11.945846,16.401253,7.535367,4.5774107,0,0.0
2009-06-01,United_Kingdom,52.84166795914305,-2.32006248749123,2808.3333,76.80017,225.2535,14.66916,19.397018,9.971612,3.2891605,0,0.0
2009-07-01,United_Kingdom,52.84166795914305,-2.32006248749123,6621.811,79.084465,198.10797,16.192745,20.026878,12.1472225,4.079649,0,0.0
2009-08-01,United_Kingdom,52.84166795914305,-2.32006248749123,3122.6902,79.19493,171.91882,16.633146,20.98148,12.464197,3.9845765,0,0.0
2009-09-01,United_Kingdom,52.84166795914305,-2.32006248749123,1556.4797,78.85513,122.443,14.173062,18.23206,10.127727,4.034555,0,0.0
2009-10-01,United_Kingdom,52.84166795914305,-2.32006248749123,3069.0256,83.99667,65.43605,11.302601,14.815827,7.9353647,3.5474148,0,0.0
2009-11-01,United_Kingdom,52.84166795914305,-2.32006248749123,9113.736,86.154335,35.849068,8.451012,10.9713545,5.872263,5.45262,0,0.0
2009-12-01,United_Kingdom,52.84166795914305,-2.32006248749123,4480.0034,88.31526,24.427494,3.0203257,5.9069066,0.26688325,3.7924457,0,0.0
2010-01-01,United_Kingdom,52.84166795914305,-2.32006248749123,2971.4387,87.00406,30.055658,1.2717239,4.1022115,-1.1587582,3.5247064,0,0.0
2010-02-01,United_Kingdom,52.84166795914305,-2.32006248749123,3808.207,87.50375,50.178288,2.6617434,5.6935806,0.068503246,3.6273637,0,0.0
2010-03-01,United_Kingdom,52.84166795914305,-2.32006248749123,2927.2646,79.317505,104.59315,6.001268,9.905017,2.218663,4.055749,0,0.0
2010-04-01,United_Kingdom,52.84166795914305,-2.32006248749123,1331.8434,73.3764,184.51056,8.796637,13.954902,3.9370494,3.7106369,0,0.0
2010-05-01,United_Kingdom,52.84166795914305,-2.32006248749123,1405.4065,73.95358,205.9971,10.526036,15.466848,5.976286,3.3933833,0,0.0
2010-06-01,United_Kingdom,52.84166795914305,-2.32006248749123,2083.6704,74.77476,240.28072,15.093863,20.653238,10.027952,3.1837046,0,0.0
2010-07-01,United_Kingdom,52.84166795914305,-2.32006248749123,3125.5356,75.991714,198.24324,17.158566,21.47652,12.882728,3.8957288,0,0.0
2010-08-01,United_Kingdom,52.84166795914305,-2.32006248749123,5088.1733,79.07402,159.74313,15.379882,19.562666,11.250221,3.9548635,0,0.0
2010-09-01,United_Kingdom,52.84166795914305,-2.32006248749123,3968.0972,81.093025,119.1775,13.72244,17.63636,9.817218,3.9319417,0,0.0
2010-10-01,United_Kingdom,52.84166795914305,-2.32006248749123,3757.8713,83.11255,72.396774,10.27483,13.817431,6.8700986,4.062281,0,0.0
2010-11-01,United_Kingdom,52.84166795914305,-2.32006248749123,4364.1265,86.11918,35.202446,4.992237,7.822332,2.3337226,4.2746506,0,0.0
2010-12-01,United_Kingdom,52.84166795914305,-2.32006248749123,1298.3904,86.33999,22.525354,-0.40438998,3.3071585,-3.447048,3.064286,0,0.0
2011-01-01,United_Kingdom,52.84166795914305,-2.32006248749123,3760.0676,85.893,27.761295,3.7204092,6.796057,1.1558013,3.8661108,0,0.0
2011-02-01,United_Kingdom,52.84166795914305,-2.32006248749123,4290.3105,87.02459,45.583256,6.1158733,9.008502,3.5865767,4.649194,0,0.0
2011-03-01,United_Kingdom,52.84166795914305,-2.32006248749123,904.18384,80.40248,113.11135,6.584234,11.0631075,2.5464892,3.4874392,0,0.0
2011-04-01,United_Kingdom,52.84166795914305,-2.32006248749123,520.49005,73.59404,187.0899,11.68604,16.949766,6.4948015,3.8079813,0,0.0
2011-05-01,United_Kingdom,52.84166795914305,-2.32006248749123,2404.5,70.6239,211.6681,12.181054,16.629599,7.740259,4.802352,0,0.0
2011-06-01,United_Kingdom,52.84166795914305,-2.32006248749123,3633.2866,76.27796,206.49577,13.821433,18.760008,9.302451,3.9421303,0,0.0
2011-07-01,United_Kingdom,52.84166795914305,-2.32006248749123,2980.526,75.00444,200.28185,15.093,19.879436,10.512182,3.4204125,0,0.0
2011-08-01,United_Kingdom,52.84166795914305,-2.32006248749123,3939.013,77.62577,155.0729,15.424098,19.519035,11.344042,3.529755,0,0.0
2011-09-01,United_Kingdom,52.84166795914305,-2.32006248749123,2768.673,79.037254,119.78695,15.048143,19.363333,11.00236,4.5209117,0,0.0
2011-10-01,United_Kingdom,52.84166795914305,-2.32006248749123,3067.413,80.847984,69.25898,12.172977,15.880531,8.708513,4.527294,0,0.0
2011-11-01,United_Kingdom,52.84166795914305,-2.32006248749123,2540.3901,86.94331,34.085976,9.408635,12.270882,6.6272497,4.277039,0,0.0
2011-12-01,United_Kingdom,52.84166795914305,-2.32006248749123,5245.59,83.81945,21.323978,5.6286793,8.879336,2.9867153,5.543153,0,0.0
2012-01-01,United_Kingdom,52.84166795914305,-2.32006248749123,3057.5454,84.034744,29.078985,5.4029374,8.253315,2.4106803,4.6997495,0,0.0
2012-02-01,United_Kingdom,52.84166795914305,-2.32006248749123,1269.1725,81.83616,52.547638,3.8697186,7.578372,0.922955,3.93039,0,0.0
2012-03-01,United_Kingdom,52.84166795914305,-2.32006248749123,1307.887,80.13863,117.692154,8.096945,12.859085,3.4788332,3.4125986,0,0.0
2012-04-01,United_Kingdom,52.84166795914305,-2.32006248749123,6836.01,81.938675,144.20706,7.103855,11.189137,3.262315,4.2982984,0,0.0
2012-05-01,United_Kingdom,52.84166795914305,-2.32006248749123,2942.2483,78.52844,199.97583,11.486808,16.216255,7.2488537,3.849,0,0.0
2012-06-01,United_Kingdom,52.84166795914305,-2.32006248749123,7610.5273,81.507545,168.61742,13.39826,17.146057,9.9222145,4.2962146,0,0.0
2012-07-01,United_Kingdom,52.84166795914305,-2.32006248749123,5677.0938,81.68204,185.1054,15.244311,19.372234,11.424794,3.5836132,0,0.0
2012-08-01,United_Kingdom,52.84166795914305,-2.32006248749123,4400.909,81.13624,170.15341,16.613163,20.700388,12.472494,3.6272762,0,0.0
2012-09-01,United_Kingdom,52.84166795914305,-2.32006248749123,4510.4834,79.839066,127.4948,12.979855,17.233814,8.686622,4.1742873,0,0.0
2012-10-01,United_Kingdom,52.84166795914305,-2.32006248749123,5411.5522,85.781006,64.31425,9.30609,12.679422,6.057407,3.7638154,0,0.0
2012-11-01,United_Kingdom,52.84166795914305,-2.32006248749123,6316.9795,87.03017,36.358074,6.5104094,9.614063,3.5873277,4.04298,0,0.0
2012-12-01,United_Kingdom,52.84166795914305,-2.32006248749123,7398.048,87.83223,22.386766,4.572842,7.811095,1.7949039,4.642538,0,0.0
2013-01-01,United_Kingdom,52.84166795914305,-2.32006248749123,3486.8547,87.641014,24.66988,3.4992514,6.0619392,1.3474704,4.0755415,0,0.0
2013-02-01,United_Kingdom,52.84166795914305,-2.32006248749123,2349.218,81.97099,52.31487,3.0681322,5.8993897,0.42743593,4.2638454,0,0.0
2013-03-01,United_Kingdom,52.84166795914305,-2.32006248749123,3008.9,80.28603,83.878845,2.6737423,5.7389503,-0.06977616,4.4182796,0,0.0
2013-04-01,United_Kingdom,52.84166795914305,-2.32006248749123,1555.3267,74.20687,162.7061,7.2020264,11.771367,3.193676,4.867017,0,0.0
2013-05-01,United_Kingdom,52.84166795914305,-2.32006248749123,3636.8257,76.62705,188.07213,10.181703,14.803409,5.950482,4.2742534,0,0.0
2013-06-01,United_Kingdom,52.84166795914305,-2.32006248749123,1839.5234,76.69698,208.72313,13.654536,18.00807,9.391139,3.972444,0,0.0
2013-07-01,United_Kingdom,52.84166795914305,-2.32006248749123,2680.3257,74.39433,241.73427,18.054173,23.770277,12.718435,3.226515,0,0.0
2013-08-01,United_Kingdom,52.84166795914305,-2.32006248749123,2808.8677,76.74003,180.14738,16.915174,21.216837,12.467344,3.6311548,0,0.0
2013-09-01,United_Kingdom,52.84166795914305,-2.32006248749123,2773.3833,81.71688,116.66577,13.680923,17.870424,9.743227,3.4796205,0,0.0
2013-10-01,United_Kingdom,52.84166795914305,-2.32006248749123,6919.287,85.679245,66.3313,12.297304,15.292256,9.425749,4.758708,0,0.0
2013-11-01,United_Kingdom,52.84166795914305,-2.32006248749123,3499.3103,85.493454,35.294422,6.2174773,9.2910595,3.2413573,3.8606122,0,0.0
2013-12-01,United_Kingdom,52.84166795914305,-2.32006248749123,5681.542,84.4819,22.918936,6.136019,9.4940195,3.1387544,5.3885303,0,0.0
2014-01-01,United_Kingdom,52.84166795914305,-2.32006248749123,8009.9053,87.31404,27.178963,5.4695935,8.320014,2.7319624,4.906163,0,0.0
2014-02-01,United_Kingdom,52.84166795914305,-2.32006248749123,6851.5923,81.8468,57.65785,6.091039,8.931985,3.3026295,6.2726235,0,0.0
2014-03-01,United_Kingdom,52.84166795914305,-2.32006248749123,2427.7546,79.84926,109.64306,7.478048,11.954866,3.275469,4.378406,0,0.0
2014-04-01,United_Kingdom,52.84166795914305,-2.32006248749123,2862.4897,80.755905,157.12926,9.93488,14.065603,6.0109267,3.9151657,0,0.0
2014-05-01,United_Kingdom,52.84166795914305,-2.32006248749123,4979.9204,79.09222,185.85043,12.013946,16.335054,8.14739,3.788392,0,0.0
2014-06-01,United_Kingdom,52.84166795914305,-2.32006248749123,2333.3232,76.23318,222.4448,15.031219,19.65561,10.520146,3.0303783,0,0.0
2014-07-01,United_Kingdom,52.84166795914305,-2.32006248749123,2722.129,74.86538,227.91971,17.59172,22.68073,12.559961,3.4260483,0,0.0
2014-08-01,United_Kingdom,52.84166795914305,-2.32006248749123,5516.858,76.408424,176.55457,15.138008,19.255709,10.903759,4.1842155,0,0.0
2014-09-01,United_Kingdom,52.84166795914305,-2.32006248749123,788.89667,81.714226,130.46844,14.904107,19.378036,10.525877,2.7363734,0,0.0
2014-10-01,United_Kingdom,52.84166795914305,-2.32006248749123,5089.826,84.80816,71.14055,12.194515,15.617026,9.176792,4.414879,0,0.0
2014-11-01,United_Kingdom,52.84166795914305,-2.32006248749123,5506.74,89.127525,33.86107,8.244404,11.096987,5.568807,3.7370093,0,0.0
2014-12-01,United_Kingdom,52.84166795914305,-2.32006248749123,3723.8225,84.5789,23.367847,4.999493,8.512472,2.0146115,4.86601,0,0.0
2015-01-01,United_Kingdom,52.84166795914305,-2.32006248749123,4504.7134,83.38396,30.729448,4.221896,7.4263597,1.366864,5.2408376,0,0.0
2015-02-01,United_Kingdom,52.84166795914305,-2.32006248749123,2841.5469,82.86587,56.88968,3.9092677,7.2005014,0.9040948,4.304185,0,0.0
2015-03-01,United_Kingdom,52.84166795914305,-2.32006248749123,2481.3613,78.240585,106.30104,6.2445636,10.034694,2.6512258,4.8790154,0,0.0
2015-04-01,United_Kingdom,52.84166795914305,-2.32006248749123,1369.0165,74.00535,189.31648,8.825492,13.974576,3.8839912,3.8430567,0,0.0
2015-05-01,United_Kingdom,52.84166795914305,-2.32006248749123,4015.3064,74.27072,198.6472,10.754703,14.932069,6.7829103,4.6567254,0,0.0
2015-06-01,United_Kingdom,52.84166795914305,-2.32006248749123,1804.8765,73.42061,231.46597,13.878698,19.390825,9.094841,3.981719,0,0.0
2015-07-01,United_Kingdom,52.84166795914305,-2.32006248749123,4087.758,75.24227,198.1249,15.804798,20.032358,11.342589,3.990059,0,0.0
2015-08-01,United_Kingdom,52.84166795914305,-2.32006248749123,4769.303,77.5038,167.53058,15.938514,20.203365,11.800492,3.6947558,0,0.0
2015-09-01,United_Kingdom,52.84166795914305,-2.32006248749123,2701.9363,80.95088,126.89124,12.632201,17.065496,8.190687,3.293408,0,0.0
2015-10-01,United_Kingdom,52.84166795914305,-2.32006248749123,3031.0684,85.54132,70.46226,10.777983,14.35262,7.2981715,3.2855024,0,0.0
2015-11-01,United_Kingdom,52.84166795914305,-2.32006248749123,6192.564,85.7381,30.79779,9.14205,12.366079,6.3871036,5.4669313,0,0.0
2015-12-01,United_Kingdom,52.84166795914305,-2.32006248749123,7017.3516,84.98551,20.6486,9.465142,12.117136,6.959955,6.237063,0,0.0
2016-01-01,United_Kingdom,52.84166795914305,-2.32006248749123,6362.871,86.553246,27.49428,5.361704,8.4759,2.5059705,4.722346,0,0.0
2016-02-01,United_Kingdom,52.84166795914305,-2.32006248749123,3706.9382,80.473625,56.927837,4.720668,8.089876,1.593845,4.922512,0,0.0
2016-03-01,United_Kingdom,52.84166795914305,-2.32006248749123,4305.858,81.3048,103.48,5.6216164,9.336676,1.9485096,4.107755,0,0.0
2016-04-01,United_Kingdom,52.84166795914305,-2.32006248749123,3488.7334,77.22479,159.84396,7.3497624,11.669594,3.2516255,3.9300373,0,0.0
2016-05-01,United_Kingdom,52.84166795914305,-2.32006248749123,2664.713,77.512054,203.18936,12.097079,16.793364,7.5618687,3.8894517,0,0.0
2016-06-01,United_Kingdom,52.84166795914305,-2.32006248749123,5302.837,83.9719,176.84085,14.791,18.77806,10.966481,3.264622,0,0.0
2016-07-01,United_Kingdom,52.84166795914305,-2.32006248749123,2187.7195,77.41479,201.18806,16.703253,21.082365,12.465954,3.667552,0,0.0
2016-08-01,United_Kingdom,52.84166795914305,-2.32006248749123,3356.961,76.825134,180.67613,16.92956,21.46828,12.490158,3.9113817,0,0.0
2016-09-01,United_Kingdom,52.84166795914305,-2.32006248749123,3231.4502,81.95109,115.62007,15.907263,19.775879,12.156066,3.7376552,0,0.0
2016-10-01,United_Kingdom,52.84166795914305,-2.32006248749123,1874.0001,84.44818,73.00161,10.658804,14.218735,7.199789,3.3216326,0,0.0
2016-11-01,United_Kingdom,52.84166795914305,-2.32006248749123,5399.893,85.445946,38.40556,5.68693,9.028824,2.496002,3.7856567,0,0.0
2016-12-01,United_Kingdom,52.84166795914305,-2.32006248749123,1577.358,87.61676,22.988213,5.922358,9.394048,2.8819368,3.5311673,0,0.0
2017-01-01,United_Kingdom,52.84166795914305,-2.32006248749123,3121.2803,86.283264,30.731081,3.7173495,7.111658,0.86670405,3.5287042,0,0.0
2017-02-01,United_Kingdom,52.84166795914305,-2.32006248749123,3618.5215,85.95424,47.4443,5.910699,8.6420765,3.420741,4.7271433,0,0.0
2017-03-01,United_Kingdom,52.84166795914305,-2.32006248749123,3604.8066,81.57133,104.04063,8.323499,12.274336,4.8221936,4.5293636,0,0.0
2017-04-01,United_Kingdom,52.84166795914305,-2.32006248749123,882.73,73.26664,164.96902,8.717421,13.362353,4.1920033,3.7246737,0,0.0
2017-05-01,United_Kingdom,52.84166795914305,-2.32006248749123,3129.4,76.6811,208.30183,12.877157,17.716906,8.39358,3.8334856,0,0.0
2017-06-01,United_Kingdom,52.84166795914305,-2.32006248749123,4540.774,76.791916,209.8677,15.796985,20.131245,11.652887,4.1526017,0,0.0
2017-07-01,United_Kingdom,52.84166795914305,-2.32006248749123,4835.913,77.561195,184.02182,16.556608,20.859968,12.388764,3.7617211,0,0.0
2017-08-01,United_Kingdom,52.84166795914305,-2.32006248749123,3808.381,78.7392,160.08583,15.627935,19.93365,11.523866,3.5661142,0,0.0
2017-09-01,United_Kingdom,52.84166795914305,-2.32006248749123,5048.199,83.44528,103.55128,13.4908,17.177053,9.765529,3.7396154,0,0.0
2017-10-01,United_Kingdom,52.84166795914305,-2.32006248749123,2682.4937,82.56382,58.35832,12.1880665,15.390707,9.219664,4.604151,0,0.0
2017-11-01,United_Kingdom,52.84166795914305,-2.32006248749123,3447.7134,83.937126,36.353443,6.4837713,9.861492,3.40873,3.9679995,0,0.0
2017-12-01,United_Kingdom,52.84166795914305,-2.32006248749123,4683.6226,86.36359,19.728437,4.4780335,7.9357047,1.7593255,4.357532,0,0.0
2018-01-01,United_Kingdom,52.84166795914305,-2.32006248749123,4523.0254,85.51268,25.908236,5.0230227,8.046572,2.4446228,4.838432,0,0.0
2018-02-01,United_Kingdom,52.84166795914305,-2.32006248749123,2467.7568,80.606026,61.76548,2.6846657,5.581824,-0.1795763,4.2843323,0,0.0
2018-03-01,United_Kingdom,52.84166795914305,-2.32006248749123,4951.0835,83.14016,82.12786,4.609552,8.345669,1.5262883,4.6165285,0,0.0
2018-04-01,United_Kingdom,52.84166795914305,-2.32006248749123,4232.69,80.956726,137.09084,9.565985,13.506212,6.0916595,4.159993,0,0.0
2018-05-01,United_Kingdom,52.84166795914305,-2.32006248749123,2537.7932,76.41603,198.97513,12.85726,18.57986,7.56063,3.403581,0,0.0
2018-06-01,United_Kingdom,52.84166795914305,-2.32006248749123,685.4,72.92819,182.76353,15.758837,21.172773,10.711413,3.436655,0,0.0
2018-07-01,United_Kingdom,52.84166795914305,-2.32006248749123,1808.7095,69.42518,195.17216,18.805977,24.614048,13.018596,3.1556075,0,0.0
2018-08-01,United_Kingdom,52.84166795914305,-2.32006248749123,3463.4353,76.89531,157.97215,16.768446,21.279976,12.4005575,3.4772372,0,0.0
2018-09-01,United_Kingdom,52.84166795914305,-2.32006248749123,3266.1401,77.953995,120.28359,13.557621,17.907938,9.345901,4.1121693,0,0.0
2018-10-01,United_Kingdom,52.84166795914305,-2.32006248749123,3239.6648,83.19236,71.11726,10.340993,14.712284,6.5516944,4.0219607,0,0.0
2018-11-01,United_Kingdom,52.84166795914305,-2.32006248749123,4456.61,86.89385,34.572083,7.9401183,11.010656,5.242029,4.5299463,0,0.0
2018-12-01,United_Kingdom,52.84166795914305,-2.32006248749123,5098.268,87.84579,18.964247,6.543468,9.42487,4.048662,4.126723,0,0.0
2019-01-01,United_Kingdom,52.84166795914305,-2.32006248749123,1796.8322,84.20492,25.776466,3.5792282,6.6481423,1.1173173,3.6645312,0,0.0
2019-02-01,United_Kingdom,52.84166795914305,-2.32006248749123,2577.4426,83.90653,60.377098,6.5732474,11.146514,2.3081124,4.0446606,0,0.0
2019-03-01,United_Kingdom,52.84166795914305,-2.32006248749123,4515.0,79.71753,98.91837,7.6679974,11.344991,4.2571974,4.988353,0,0.0
2019-04-01,United_Kingdom,52.84166795914305,-2.32006248749123,1907.2866,75.64326,151.09317,8.762116,13.747759,3.9789846,3.8371964,0,0.0
2019-05-01,United_Kingdom,52.84166795914305,-2.32006248749123,2308.284,75.70345,179.809,11.052733,16.01034,6.3579535,3.3616905,0,0.0
2019-06-01,United_Kingdom,52.84166795914305,-2.32006248749123,5826.877,79.90679,183.9165,14.208429,18.345743,10.155977,3.7979627,0,0.0
2019-07-01,United_Kingdom,52.84166795914305,-2.32006248749123,3894.9905,75.52645,195.24957,17.464642,22.381336,12.823548,3.3975503,0,0.0
2019-08-01,United_Kingdom,52.84166795914305,-2.32006248749123,4351.071,76.78105,167.65623,17.17695,21.636175,12.701331,3.9567285,0,0.0
2019-09-01,United_Kingdom,52.84166795914305,-2.32006248749123,5810.437,79.15976,124.8632,14.239723,18.438671,9.992211,3.920949,0,0.0
2019-10-01,United_Kingdom,52.84166795914305,-2.32006248749123,6498.658,86.20365,62.730293,9.987963,13.402652,6.838856,3.8045824,0,0.0
2019-11-01,United_Kingdom,52.84166795914305,-2.32006248749123,6483.0903,88.72327,29.92057,6.164236,8.714028,3.6814528,3.8076818,0,0.0
2019-12-01,United_Kingdom,52.84166795914305,-2.32006248749123,5254.4995,86.97236,21.928394,5.7366133,8.728302,3.043236,4.4612083,0,0.0
2020-01-01,United_Kingdom,52.84166795914305,-2.32006248749123,3590.1453,85.97565,31.372587,6.2822165,9.196369,3.7345963,4.5370393,0,0.0
2020-02-01,United_Kingdom,52.84166795914305,-2.32006248749123,8650.163,81.58554,58.87673,6.228625,9.375927,3.2339168,6.465353,0,0.0
2020-03-01,United_Kingdom,52.84166795914305,-2.32006248749123,2550.1968,76.70946,125.04134,6.4469147,10.518531,2.6302109,4.9097104,0,0.0
2020-04-01,United_Kingdom,52.84166795914305,-2.32006248749123,1516.0803,69.739975,199.04767,10.170335,15.787608,4.980469,3.7610154,0,0.0
2020-05-01,United_Kingdom,52.84166795914305,-2.32006248749123,471.55484,66.82457,264.6299,12.332109,18.387867,6.8349676,3.7532024,0,0.0
2020-06-01,United_Kingdom,52.84166795914305,-2.32006248749123,5038.396,76.847664,226.23985,14.939515,19.52301,10.634505,3.881294,0,0.0
2020-07-01,United_Kingdom,52.84166795914305,-2.32006248749123,3553.8481,75.80747,219.99692,15.69421,20.078205,11.566255,4.003454,0,0.0
2020-08-01,United_Kingdom,52.84166795914305,-2.32006248749123,5833.5713,78.94633,188.57655,17.405773,21.613848,13.383455,3.971185,0,0.0
2020-09-01,United_Kingdom,52.84166795914305,-2.32006248749123,2567.0833,78.6922,152.6858,13.92621,18.47992,9.491984,3.8197489,0,0.0
2020-10-01,United_Kingdom,52.84166795914305,-2.32006248749123,7226.9463,86.03069,70.84739,10.386515,13.59454,7.423634,4.3041964,0,0.0
2020-11-01,United_Kingdom,52.84166795914305,-2.32006248749123,3287.4834,86.76123,43.83532,8.30519,11.454914,5.3739552,4.3143206,0,0.0
2020-12-01,United_Kingdom,52.84166795914305,-2.32006248749123,6713.9937,88.73415,24.03461,4.795162,7.5705256,2.4332294,4.030216,0,0.0
2021-01-01,United_Kingdom,52.84166795914305,-2.32006248749123,6154.016,88.719986,32.389194,2.7915115,6.0275674,0.24065213,3.8038902,0,0.0
2021-02-01,United_Kingdom,52.84166795914305,-2.32006248749123,4007.1145,82.18703,63.72437,4.840593,8.154553,1.840399,4.5123873,0,0.0
2021-03-01,United_Kingdom,52.84166795914305,-2.32006248749123,2587.897,79.27938,118.36698,6.9034867,10.80445,3.4123085,4.295672,0,0.0
2021-04-01,United_Kingdom,52.84166795914305,-2.32006248749123,527.43,68.21584,212.94002,6.1933885,11.489008,1.0316242,3.4788773,0,0.0
2021-05-01,United_Kingdom,52.84166795914305,-2.32006248749123,5890.739,79.073975,214.28796,9.964665,14.662081,5.674998,3.8255868,0,0.0
2021-06-01,United_Kingdom,52.84166795914305,-2.32006248749123,2503.097,77.27006,239.74379,15.2859745,19.91704,10.95484,3.2038956,0,0.0
2021-07-01,United_Kingdom,52.84166795914305,-2.32006248749123,4240.077,79.728676,236.9315,17.54422,21.937822,13.16644,3.029917,0,0.0
2021-08-01,United_Kingdom,52.84166795914305,-2.32006248749123,2493.387,80.130196,174.30096,15.893062,19.752687,12.075707,3.5080247,0,0.0
2021-09-01,United_Kingdom,52.84166795914305,-2.32006248749123,3126.5872,81.14501,137.13914,15.769216,20.08837,11.641908,3.2500794,0,0.0
2021-10-01,United_Kingdom,52.84166795914305,-2.32006248749123,6457.1777,84.034584,79.7225,11.894025,15.142372,8.835885,4.1231527,0,0.0
2021-11-01,United_Kingdom,52.84166795914305,-2.32006248749123,1921.87,85.27033,44.070637,7.3086033,10.481226,4.2321835,3.7631025,0,0.0
2021-12-01,United_Kingdom,52.84166795914305,-2.32006248749123,4309.0156,87.338196,19.068169,6.142538,9.01382,3.7762523,4.0401273,0,0.0
2022-01-01,United_Kingdom,52.84166795914305,-2.32006248749123,1559.9806,84.657,33.07034,4.4558043,8.174942,1.3269972,3.5790224,0,0.0
2022-02-01,United_Kingdom,52.84166795914305,-2.32006248749123,5676.825,80.70921,67.15296,6.4244967,9.929533,3.3064291,5.939433,0,0.0
2022-03-01,United_Kingdom,52.84166795914305,-2.32006248749123,2229.6416,78.529106,129.79915,7.5205836,11.764524,3.414208,3.803478,0,0.0
2022-04-01,United_Kingdom,52.84166795914305,-2.32006248749123,1357.1001,73.82026,173.46036,8.882325,13.747531,4.2392178,4.073043,0,0.0
2022-05-01,United_Kingdom,52.84166795914305,-2.32006248749123,2751.8162,76.55205,201.42865,12.79678,17.186365,8.565286,3.6943624,0,0.0
2022-06-01,United_Kingdom,52.84166795914305,-2.32006248749123,2600.8667,72.726265,237.0918,14.851084,19.986397,9.983328,3.5932794,0,0.0
2022-07-01,United_Kingdom,52.84166795914305,-2.32006248749123,1144.7225,68.48252,226.10529,18.013157,23.635103,12.904037,3.4751325,0,0.0
2022-08-01,United_Kingdom,52.84166795914305,-2.32006248749123,1800.0034,70.84327,203.56982,18.418852,23.91112,13.047789,3.195434,0,0.0
2022-09-01,United_Kingdom,52.84166795914305,-2.32006248749123,4011.9097,79.26516,122.523125,14.377155,18.48637,10.175239,3.3192239,0,0.0
2022-10-01,United_Kingdom,52.84166795914305,-2.32006248749123,5327.803,83.19487,81.32897,12.863734,16.279715,9.356723,4.129308,0,0.0
2022-11-01,United_Kingdom,52.84166795914305,-2.32006248749123,6943.7505,87.851295,37.996025,9.088322,11.616524,6.5183215,4.3691716,0,0.0
2022-12-01,United_Kingdom,52.84166795914305,-2.32006248749123,4239.4263,87.81563,22.22107,3.5415585,6.8189635,0.5652469,3.746742,0,0.0
2023-01-01,United_Kingdom,52.84166795914305,-2.32006248749123,4307.6387,85.12423,30.987724,4.8542647,8.159336,1.9434563,4.427505,0,0.0
2023-02-01,United_Kingdom,52.84166795914305,-2.32006248749123,773.0429,82.79141,59.47271,6.1700783,9.654973,2.8695552,3.9116368,0,0.0
2023-03-01,United_Kingdom,52.84166795914305,-2.32006248749123,6065.8804,83.24932,88.72003,6.7400637,10.265742,3.7469478,4.40059,0,0.0
2023-04-01,United_Kingdom,52.84166795914305,-2.32006248749123,3551.9,78.78209,161.51216,8.517369,12.808892,4.4844728,3.775533,0,0.0
2023-05-01,United_Kingdom,52.84166795914305,-2.32006248749123,2097.5776,76.87638,226.82936,12.265866,16.981897,7.718363,3.3877895,0,0.0
2023-06-01,United_Kingdom,52.84166795914305,-2.32006248749123,2375.617,72.44005,244.92586,16.7258,22.144741,11.493047,3.4917927,0,0.0
2023-07-01,United_Kingdom,52.84166795914305,-2.32006248749123,6141.2295,77.42859,192.76173,16.118874,20.0682,12.214127,4.1944923,0,0.0
2023-08-01,United_Kingdom,52.84166795914305,-2.32006248749123,3910.4514,79.80513,174.08272,16.386185,20.532057,12.286479,3.5992985,0,0.0
2023-09-01,United_Kingdom,52.84166795914305,-2.32006248749123,4398.2866,81.176834,132.3665,16.749142,21.212336,12.437756,3.4102557,0,0.0
2023-10-01,United_Kingdom,52.84166795914305,-2.32006248749123,7589.0127,86.12932,71.22784,12.134846,15.539166,8.811741,3.6697402,0,0.0
2023-11-01,United_Kingdom,52.84166795914305,-2.32006248749123,5559.7266,87.01191,38.61797,7.2941575,10.170209,4.4717774,4.1215787,0,0.0
2023-12-01,United_Kingdom,52.84166795914305,-2.32006248749123,7186.1616,87.257545,19.375658,6.8807898,9.836139,4.5444746,5.1147795,1,7.0
2024-01-01,United_Kingdom,52.84166795914305,-2.32006248749123,4263.0425,82.66062,32.11068,4.4712696,7.442677,1.8938106,4.2325497,1,35.0
2024-02-01,United_Kingdom,52.84166795914305,-2.32006248749123,6731.9043,86.68204,44.520107,7.466609,10.610331,4.669832,4.446622,1,82.0
2024-03-01,United_Kingdom,52.84166795914305,-2.32006248749123,4818.681,84.115456,94.233765,7.765667,11.263403,4.6519103,4.1716433,1,9.0
2024-04-01,United_Kingdom,52.84166795914305,-2.32006248749123,4549.867,77.91398,148.88914,9.286501,13.223127,5.7096367,4.5980206,1,9.0
2024-05-01,United_Kingdom,52.84166795914305,-2.32006248749123,4497.374,81.54132,185.00394,13.574637,17.783573,9.533066,3.2612393,0,0.0
2024-06-01,United_Kingdom,52.84166795914305,-2.32006248749123,1746.2535,73.77742,219.14685,14.058199,18.761114,9.478415,3.4728932,0,0.0
2024-07-01,United_Kingdom,52.84166795914305,-2.32006248749123,4057.9778,77.5352,186.25508,16.114225,20.824553,11.763377,3.3316064,0,0.0
2024-08-01,United_Kingdom,52.84166795914305,-2.32006248749123,2337.4062,75.64314,175.17111,16.982832,21.335804,12.577344,3.905229,0,0.0
2024-09-01,United_Kingdom,52.84166795914305,-2.32006248749123,7109.95,83.29156,109.324776,13.83772,17.429956,10.265719,3.533879,1,32.0
2024-10-01,United_Kingdom,52.84166795914305,-2.32006248749123,4618.5293,85.80283,66.82095,11.431635,14.822615,8.13352,3.3753738,1,309.0
2024-11-01,United_Kingdom,52.84166795914305,-2.32006248749123,3652.3464,85.840164,29.340014,7.2390943,10.509306,4.432453,3.3603225,1,359.0
2024-12-01,United_Kingdom,52.84166795914305,-2.32006248749123,3933.9746,85.89264,16.876484,6.624578,9.455602,4.4672074,4.5527034,1,507.0
