time,area_name,lat,lon,rr,spatial_ref,hu,qq,tg,tx,tn,fg,outbreak,cases
2000-01-01,Greece,38.26671054,24.43988823,894.9162,0,72.4985,87.93957,1.447555,5.8356643,-2.5233223,1.6862433,0,0.0
2000-02-01,Greece,38.26671054,24.43988823,2133.4138,0,73.71595,118.627655,5.3407707,9.477549,1.3872387,2.1849577,0,0.0
2000-03-01,Greece,38.26671054,24.43988823,762.0581,0,67.256836,180.59799,7.498995,12.858944,1.8666197,2.259225,0,0.0
2000-04-01,Greece,38.26671054,24.43988823,863.42,0,67.97598,198.34927,13.443352,18.461391,8.017748,2.4898927,0,0.0
2000-05-01,Greece,38.26671054,24.43988823,515.82904,0,61.61078,260.30734,17.66265,22.907104,10.953947,2.2288692,0,0.0
2000-06-01,Greece,38.26671054,24.43988823,470.55334,0,52.459652,282.17297,21.925152,27.285559,14.33278,2.4154756,0,0.0
2000-07-01,Greece,38.26671054,24.43988823,96.63871,0,49.61865,311.80603,25.060808,31.01644,16.744976,2.488361,0,0.0
2000-08-01,Greece,38.26671054,24.43988823,69.05484,0,48.99127,269.84113,24.014612,29.88224,16.652605,2.273233,0,0.0
2000-09-01,Greece,38.26671054,24.43988823,308.11334,0,59.49296,198.34993,19.3427,25.143778,13.178829,2.182891,0,0.0
2000-10-01,Greece,38.26671054,24.43988823,1662.1162,0,73.83562,127.78094,14.31713,19.074371,9.876528,2.1365738,0,0.0
2000-11-01,Greece,38.26671054,24.43988823,2399.6836,0,79.3788,93.27809,12.045946,17.428915,7.5120683,2.182854,0,0.0
2000-12-01,Greece,38.26671054,24.43988823,1814.2291,0,77.14568,75.99507,6.9650407,11.553624,2.860393,2.2913148,0,0.0
2001-01-01,Greece,38.26671054,24.43988823,2426.0837,0,81.87653,71.078606,6.3382044,9.838674,3.1526318,2.1415954,0,0.0
2001-02-01,Greece,38.26671054,24.43988823,1505.0035,0,71.34134,120.78569,6.7367663,11.299391,2.4343703,2.3825326,0,0.0
2001-03-01,Greece,38.26671054,24.43988823,619.45807,0,66.17492,168.85057,12.562635,17.837318,7.204413,2.5691948,0,0.0
2001-04-01,Greece,38.26671054,24.43988823,2701.5967,0,67.67969,203.91722,11.900801,16.525045,6.5739775,2.6213052,0,0.0
2001-05-01,Greece,38.26671054,24.43988823,1326.6484,0,64.55287,233.77469,17.462578,22.367779,11.379167,2.4017642,0,0.0
2001-06-01,Greece,38.26671054,24.43988823,259.14334,0,51.896633,292.05164,22.02536,27.22107,14.392135,2.644102,0,0.0
2001-07-01,Greece,38.26671054,24.43988823,407.429,0,53.115353,279.45746,25.35995,30.54423,18.06906,2.5101886,0,0.0
2001-08-01,Greece,38.26671054,24.43988823,378.70325,0,55.99208,252.45734,24.813555,30.3904,18.201942,2.2467835,0,0.0
2001-09-01,Greece,38.26671054,24.43988823,316.74002,0,59.08888,228.71405,20.535345,26.166763,13.833846,2.5118499,0,0.0
2001-10-01,Greece,38.26671054,24.43988823,152.66452,0,62.84092,156.83444,16.325937,22.066135,10.29613,2.2434127,0,0.0
2001-11-01,Greece,38.26671054,24.43988823,2893.0234,0,73.01055,87.607635,8.84539,13.46237,4.5415955,2.5380745,0,0.0
2001-12-01,Greece,38.26671054,24.43988823,3977.6223,0,79.01784,57.30876,2.0461972,4.9933224,-1.0187167,2.4374788,0,0.0
2002-01-01,Greece,38.26671054,24.43988823,1267.1194,0,77.35362,87.308525,3.502841,8.197364,-0.5411596,2.1618755,0,0.0
2002-02-01,Greece,38.26671054,24.43988823,455.97858,0,70.388756,129.70448,8.415463,13.736344,3.177964,2.294885,0,0.0
2002-03-01,Greece,38.26671054,24.43988823,2385.6775,0,69.89947,154.98424,9.412147,14.204263,4.720646,2.4718459,0,0.0
2002-04-01,Greece,38.26671054,24.43988823,2180.84,0,73.222755,193.68085,11.34892,15.591812,6.501781,2.281335,0,0.0
2002-05-01,Greece,38.26671054,24.43988823,824.75476,0,64.628845,249.6304,17.153828,21.93971,10.953104,2.5673535,0,0.0
2002-06-01,Greece,38.26671054,24.43988823,191.36,0,52.629253,274.9443,22.69618,27.610851,15.7080765,2.4850378,0,0.0
2002-07-01,Greece,38.26671054,24.43988823,1961.3872,0,58.63031,266.45444,24.837645,29.955284,17.91271,2.2732372,0,0.0
2002-08-01,Greece,38.26671054,24.43988823,1175.8291,0,61.5704,241.84172,23.014303,28.043732,16.906212,2.3904912,0,0.0
2002-09-01,Greece,38.26671054,24.43988823,3858.4731,0,74.87747,182.19221,18.117195,22.883644,13.396582,1.8820814,0,0.0
2002-10-01,Greece,38.26671054,24.43988823,2399.4807,0,73.52235,142.43446,14.948542,20.031567,9.819035,2.1807075,0,0.0
2002-11-01,Greece,38.26671054,24.43988823,2475.32,0,81.11508,89.01901,11.131571,15.751413,6.817322,2.1860034,0,0.0
2002-12-01,Greece,38.26671054,24.43988823,6102.664,0,84.42476,51.202858,6.200112,9.121951,3.4126897,2.218175,0,0.0
2003-01-01,Greece,38.26671054,24.43988823,4069.9646,0,80.12368,69.63538,7.2025743,10.70852,4.025029,2.4360514,0,0.0
2003-02-01,Greece,38.26671054,24.43988823,3078.686,0,74.134224,107.13941,1.8638436,5.4209476,-1.4311223,2.6472368,0,0.0
2003-03-01,Greece,38.26671054,24.43988823,1181.242,0,67.732414,171.78653,6.3265386,11.254624,1.211374,2.2910213,0,0.0
2003-04-01,Greece,38.26671054,24.43988823,1573.4768,0,70.14264,205.55965,10.377612,14.728677,5.379705,2.5052469,0,0.0
2003-05-01,Greece,38.26671054,24.43988823,1651.671,0,62.91143,257.4283,19.211071,24.373915,12.502823,2.392859,0,0.0
2003-06-01,Greece,38.26671054,24.43988823,611.7033,0,57.34986,282.3587,23.576147,28.587345,16.66054,2.2360795,0,0.0
2003-07-01,Greece,38.26671054,24.43988823,302.10645,0,52.91544,300.80502,25.150127,30.153526,18.088806,2.2142117,0,0.0
2003-08-01,Greece,38.26671054,24.43988823,628.35156,0,55.057476,261.15796,25.141827,30.445642,18.40122,2.123081,0,0.0
2003-09-01,Greece,38.26671054,24.43988823,958.05994,0,62.797375,197.43884,19.248898,24.234102,13.413265,2.2059274,0,0.0
2003-10-01,Greece,38.26671054,24.43988823,3202.7163,0,70.63729,124.679695,15.856685,20.458542,11.103138,2.4197636,0,0.0
2003-11-01,Greece,38.26671054,24.43988823,1197.2466,0,81.81059,88.11191,11.04411,15.140222,7.435938,2.0831819,0,0.0
2003-12-01,Greece,38.26671054,24.43988823,3714.2676,0,81.00514,66.02025,6.0271163,9.79606,2.66471,2.3752265,0,0.0
2004-01-01,Greece,38.26671054,24.43988823,3829.9937,0,78.02167,70.33277,3.7864382,7.661352,0.04656461,2.4806418,0,0.0
2004-02-01,Greece,38.26671054,24.43988823,900.7518,0,68.91985,118.28573,5.9512396,10.711344,1.2312484,2.3422093,0,0.0
2004-03-01,Greece,38.26671054,24.43988823,1419.9259,0,72.107994,160.25781,8.699096,12.899366,4.302996,2.4088047,0,0.0
2004-04-01,Greece,38.26671054,24.43988823,1318.9968,0,70.404274,178.64352,12.329443,16.55592,7.8679647,2.5813503,0,0.0
2004-05-01,Greece,38.26671054,24.43988823,1044.2032,0,66.009056,263.40347,15.563636,20.186708,9.764267,2.5585747,0,0.0
2004-06-01,Greece,38.26671054,24.43988823,1042.8167,0,62.87306,274.82742,21.547985,26.259777,15.021348,2.3672194,0,0.0
2004-07-01,Greece,38.26671054,24.43988823,344.91614,0,53.09639,291.486,24.319834,29.174707,17.5165,2.3529675,0,0.0
2004-08-01,Greece,38.26671054,24.43988823,363.29034,0,58.601543,263.4701,23.641943,29.127253,16.9201,2.2208638,0,0.0
2004-09-01,Greece,38.26671054,24.43988823,1063.4634,0,64.3763,202.36295,19.781685,25.07066,13.897245,2.1097481,0,0.0
2004-10-01,Greece,38.26671054,24.43988823,1303.5905,0,74.348434,143.56839,16.592241,21.878494,11.49805,2.141484,0,0.0
2004-11-01,Greece,38.26671054,24.43988823,2163.7134,0,72.79959,83.479706,10.190891,14.787392,5.864878,2.2053528,0,0.0
2004-12-01,Greece,38.26671054,24.43988823,3433.3872,0,81.37987,58.159676,7.2855096,11.11155,3.8247013,2.2341104,0,0.0
2005-01-01,Greece,38.26671054,24.43988823,1583.0127,0,70.6565,82.98317,5.205162,8.996279,1.4947114,2.0754256,0,0.0
2005-02-01,Greece,38.26671054,24.43988823,3244.5525,0,73.393555,106.83588,4.1067414,7.874644,0.50679094,2.5550406,0,0.0
2005-03-01,Greece,38.26671054,24.43988823,1482.7969,0,71.833626,173.67389,8.509091,12.642142,3.8209655,2.2561712,0,0.0
2005-04-01,Greece,38.26671054,24.43988823,311.40335,0,61.739918,219.10011,11.865197,16.401285,6.465514,2.6718056,0,0.0
2005-05-01,Greece,38.26671054,24.43988823,833.4,0,65.309296,248.16464,17.304321,21.97415,11.638316,2.6151693,0,0.0
2005-06-01,Greece,38.26671054,24.43988823,285.19666,0,61.441097,283.37198,20.353481,24.864872,14.628638,2.4374504,0,0.0
2005-07-01,Greece,38.26671054,24.43988823,323.69354,0,62.14006,282.48804,23.889984,28.6132,18.154032,2.323899,0,0.0
2005-08-01,Greece,38.26671054,24.43988823,399.95804,0,66.27815,253.6283,23.42328,28.234865,17.7642,2.266762,0,0.0
2005-09-01,Greece,38.26671054,24.43988823,1182.2167,0,66.86038,183.88219,20.021608,24.585009,15.212406,1.9687444,0,0.0
2005-10-01,Greece,38.26671054,24.43988823,894.371,0,70.49975,137.09454,14.244488,18.623804,9.84769,2.2324297,0,0.0
2005-11-01,Greece,38.26671054,24.43988823,2763.5337,0,70.496765,92.721085,9.113739,13.261541,4.9946675,2.1963146,0,0.0
2005-12-01,Greece,38.26671054,24.43988823,2788.8936,0,77.45838,65.06309,6.9275455,10.616223,3.3562295,2.205021,0,0.0
2006-01-01,Greece,38.26671054,24.43988823,2072.4453,0,70.77759,80.179665,2.907582,6.844607,-0.31104532,2.1779647,0,0.0
2006-02-01,Greece,38.26671054,24.43988823,1876.0321,0,75.465576,107.62881,5.1786494,9.26654,1.1427125,2.1544998,0,0.0
2006-03-01,Greece,38.26671054,24.43988823,1784.8064,0,70.0442,154.41374,8.553352,12.411622,4.4763265,2.5469263,0,0.0
2006-04-01,Greece,38.26671054,24.43988823,1047.5867,0,69.051414,197.3604,12.549514,17.076618,8.051022,2.2104075,0,0.0
2006-05-01,Greece,38.26671054,24.43988823,213.81937,0,65.58843,272.91266,16.820137,21.839626,10.814206,2.557958,0,0.0
2006-06-01,Greece,38.26671054,24.43988823,736.3933,0,64.12841,272.80722,21.110903,25.94509,15.147896,2.4363647,0,0.0
2006-07-01,Greece,38.26671054,24.43988823,374.6129,0,61.629665,274.27042,22.989437,27.578506,17.518019,2.401564,0,0.0
2006-08-01,Greece,38.26671054,24.43988823,193.84839,0,54.90041,275.97534,24.638618,29.760607,18.369095,2.416649,0,0.0
2006-09-01,Greece,38.26671054,24.43988823,1515.6034,0,62.434788,198.45216,19.67498,24.240719,14.514026,2.0538878,0,0.0
2006-10-01,Greece,38.26671054,24.43988823,1408.1516,0,73.36035,137.65573,15.395784,19.290651,11.568297,2.1861057,0,0.0
2006-11-01,Greece,38.26671054,24.43988823,829.50665,0,72.89776,103.032776,9.0227,13.991087,4.2384586,2.2252839,0,0.0
2006-12-01,Greece,38.26671054,24.43988823,861.3129,0,75.526634,69.75609,6.2589574,10.6302,2.386753,1.8050407,0,0.0
2007-01-01,Greece,38.26671054,24.43988823,506.59998,0,69.01245,100.08583,7.2356224,12.136173,2.1691737,1.8432468,0,0.0
2007-02-01,Greece,38.26671054,24.43988823,1040.7465,0,73.367004,105.94508,6.7598066,10.363901,2.8360803,2.3040555,0,0.0
2007-03-01,Greece,38.26671054,24.43988823,1538.7194,0,66.94552,152.99794,9.188474,13.411992,4.439303,2.60453,0,0.0
2007-04-01,Greece,38.26671054,24.43988823,480.08334,0,64.61427,238.77766,12.332213,17.046793,6.608018,1.9883996,0,0.0
2007-05-01,Greece,38.26671054,24.43988823,1748.0032,0,66.18332,232.80406,17.662905,22.369534,12.3208685,2.5337305,0,0.0
2007-06-01,Greece,38.26671054,24.43988823,1122.5901,0,59.484562,287.77393,22.756668,27.735025,16.409258,2.2361746,0,0.0
2007-07-01,Greece,38.26671054,24.43988823,0.0,0,44.30594,310.10577,25.361444,30.830742,18.440388,2.4149153,0,0.0
2007-08-01,Greece,38.26671054,24.43988823,599.6258,0,55.171917,270.13486,24.403172,29.682703,17.9809,2.3014643,0,0.0
2007-09-01,Greece,38.26671054,24.43988823,660.01,0,61.870644,205.30527,19.004982,24.107965,13.35496,2.2716033,0,0.0
2007-10-01,Greece,38.26671054,24.43988823,2668.4258,0,68.02502,124.12825,15.237292,19.723532,10.831689,1.8851792,0,0.0
2007-11-01,Greece,38.26671054,24.43988823,2618.8967,0,74.646774,81.52982,9.800721,13.671085,6.0934525,2.3292525,0,0.0
2007-12-01,Greece,38.26671054,24.43988823,2168.355,0,76.67022,66.77016,5.222011,8.885709,2.0740438,2.149825,0,0.0
2008-01-01,Greece,38.26671054,24.43988823,617.9936,0,77.792,76.22161,5.102059,9.241037,1.3158271,1.6657444,0,0.0
2008-02-01,Greece,38.26671054,24.43988823,571.40344,0,68.66722,124.77429,5.681395,10.38817,1.0190343,1.9504958,0,0.0
2008-03-01,Greece,38.26671054,24.43988823,971.89685,0,68.27017,161.0642,10.222076,14.792608,5.551617,2.5820255,0,0.0
2008-04-01,Greece,38.26671054,24.43988823,2217.5068,0,70.77666,203.30345,12.670674,17.297184,7.8794317,2.2786665,0,0.0
2008-05-01,Greece,38.26671054,24.43988823,416.13226,0,65.57824,267.52213,16.877623,21.89526,10.907614,2.2172065,0,0.0
2008-06-01,Greece,38.26671054,24.43988823,294.08002,0,65.44824,282.0876,22.126492,27.135925,15.992598,2.1238961,0,0.0
2008-07-01,Greece,38.26671054,24.43988823,89.8613,0,60.25026,311.53238,24.063837,29.179014,17.895264,2.3210952,0,0.0
2008-08-01,Greece,38.26671054,24.43988823,33.925808,0,56.986603,281.8705,24.743801,30.268576,18.194227,2.1404572,0,0.0
2008-09-01,Greece,38.26671054,24.43988823,1466.9634,0,63.750126,190.46313,18.988152,23.748045,14.154874,1.9775621,0,0.0
2008-10-01,Greece,38.26671054,24.43988823,400.7742,0,72.30394,147.97719,14.9581995,19.866,10.283965,1.8832934,0,0.0
2008-11-01,Greece,38.26671054,24.43988823,2564.1335,0,76.02837,84.74592,11.345127,15.477254,7.61118,2.121905,0,0.0
2008-12-01,Greece,38.26671054,24.43988823,2829.3096,0,72.9083,66.82736,7.06141,10.585238,3.8519251,2.1647866,1,412.0
2009-01-01,Greece,38.26671054,24.43988823,4791.0776,0,81.12779,63.448418,6.4536624,9.717305,3.3599753,2.0621476,1,484.0
2009-02-01,Greece,38.26671054,24.43988823,1887.5928,0,68.22372,108.471146,5.5856915,9.102931,1.7044532,2.391281,1,484.0
2009-03-01,Greece,38.26671054,24.43988823,2277.6067,0,70.75322,154.91127,7.6912103,11.97524,3.0421267,2.4113295,1,484.0
2009-04-01,Greece,38.26671054,24.43988823,1157.5233,0,73.1338,188.10037,12.123351,16.639284,7.570605,2.0808716,1,0.0
2009-05-01,Greece,38.26671054,24.43988823,607.25806,0,68.907776,260.16162,17.520445,22.614332,11.763308,2.36076,1,0.0
2009-06-01,Greece,38.26671054,24.43988823,1066.5701,0,64.201935,295.9083,21.230618,26.386557,15.038799,2.303305,1,0.0
2009-07-01,Greece,38.26671054,24.43988823,246.80646,0,58.594475,305.89752,24.128212,29.149328,18.147518,2.3447042,1,0.0
2009-08-01,Greece,38.26671054,24.43988823,631.4839,0,62.69721,251.10498,23.517033,28.42392,17.825022,2.1024833,1,0.0
2009-09-01,Greece,38.26671054,24.43988823,751.28,0,69.0065,182.43906,19.36934,23.787024,14.826336,2.0221622,1,0.0
2009-10-01,Greece,38.26671054,24.43988823,2784.958,0,73.55137,129.94728,15.409542,19.83515,10.841541,2.0433984,1,79.0
2009-11-01,Greece,38.26671054,24.43988823,2184.9534,0,76.693985,101.1965,10.897461,15.918621,6.345719,2.241057,1,305.0
2009-12-01,Greece,38.26671054,24.43988823,2930.7065,0,80.464134,59.745827,9.0264435,12.613191,5.6154714,2.395981,1,649.0
2010-01-01,Greece,38.26671054,24.43988823,1427.6775,0,69.45052,66.05205,6.097049,9.091863,3.1542976,2.1472836,1,670.0
2010-02-01,Greece,38.26671054,24.43988823,2874.5784,0,76.370735,100.83482,7.28104,11.189503,3.2651017,2.5186708,1,671.0
2010-03-01,Greece,38.26671054,24.43988823,1068.3741,0,69.962746,151.45584,8.993226,13.358326,4.3217535,2.256731,1,688.0
2010-04-01,Greece,38.26671054,24.43988823,387.17334,0,69.89003,200.02217,12.73177,17.633078,7.246764,2.1810205,1,702.0
2010-05-01,Greece,38.26671054,24.43988823,1178.5452,0,66.054924,255.87071,17.242666,22.525213,11.220543,2.3819544,1,661.0
2010-06-01,Greece,38.26671054,24.43988823,991.9033,0,68.40651,245.47365,21.01099,25.750135,15.259387,2.2340384,1,661.0
2010-07-01,Greece,38.26671054,24.43988823,613.65485,0,64.73903,271.24722,24.006063,28.7036,17.977713,2.2020144,1,661.0
2010-08-01,Greece,38.26671054,24.43988823,33.380646,0,56.31284,273.0408,25.663107,30.850252,19.225008,2.0546873,1,661.0
2010-09-01,Greece,38.26671054,24.43988823,770.69336,0,73.92547,195.40659,20.003305,24.819958,14.901009,2.052132,1,664.0
2010-10-01,Greece,38.26671054,24.43988823,4870.5938,0,78.48813,108.20631,14.025761,18.018263,10.3082,2.1718369,1,664.0
2010-11-01,Greece,38.26671054,24.43988823,1045.8367,0,77.38155,95.59146,13.593617,18.106699,9.108765,2.2165134,1,664.0
2010-12-01,Greece,38.26671054,24.43988823,1499.7034,0,71.74468,70.55026,8.017074,11.946,4.2053103,2.1296127,1,842.0
2011-01-01,Greece,38.26671054,24.43988823,1359.1677,0,74.77718,83.93598,5.8053885,9.900171,1.9725624,1.7563132,1,910.0
2011-02-01,Greece,38.26671054,24.43988823,1325.4751,0,72.271576,102.53088,6.6670523,10.795575,2.584588,2.0901046,1,910.0
2011-03-01,Greece,38.26671054,24.43988823,1154.058,0,68.72766,142.97925,8.014696,12.2681875,3.5052855,2.2221415,1,939.0
2011-04-01,Greece,38.26671054,24.43988823,1162.2301,0,65.23008,208.91489,11.386831,15.640787,6.292745,2.2912505,1,944.0
2011-05-01,Greece,38.26671054,24.43988823,1103.0194,0,70.13693,209.4351,15.874905,20.60242,10.5676155,2.4017015,1,944.0
2011-06-01,Greece,38.26671054,24.43988823,420.06665,0,67.917274,258.70657,20.90994,26.010458,15.231384,2.2195673,1,944.0
2011-07-01,Greece,38.26671054,24.43988823,119.038704,0,61.16907,302.00748,24.320333,30.113861,17.713003,2.2137501,1,945.0
2011-08-01,Greece,38.26671054,24.43988823,313.8742,0,58.116337,268.97284,23.628077,29.488092,17.926552,2.1136355,1,945.0
2011-09-01,Greece,38.26671054,24.43988823,770.29333,0,61.398544,210.70589,21.473639,27.338816,15.769707,1.945533,1,945.0
2011-10-01,Greece,38.26671054,24.43988823,2618.174,0,66.11282,133.45352,13.182398,17.829735,8.614607,2.085311,1,945.0
2011-11-01,Greece,38.26671054,24.43988823,124.76334,0,67.47946,87.68776,7.819393,12.738433,3.5018053,1.940952,1,945.0
2011-12-01,Greece,38.26671054,24.43988823,2813.323,0,80.519516,73.58155,6.4182696,10.727996,2.3285677,1.9650192,1,945.0
2012-01-01,Greece,38.26671054,24.43988823,1376.6064,0,76.165565,77.53814,2.6129146,6.9903665,-1.4255389,1.7631707,1,952.0
2012-02-01,Greece,38.26671054,24.43988823,3269.979,0,71.028496,98.14223,3.9913065,7.679605,0.48169777,2.2362995,1,952.0
2012-03-01,Greece,38.26671054,24.43988823,692.3226,0,65.67019,177.09082,8.5111,13.5021715,3.556192,2.0336,1,952.0
2012-04-01,Greece,38.26671054,24.43988823,948.9033,0,67.889946,213.6538,12.783628,17.67161,7.7702155,2.5878873,1,952.0
2012-05-01,Greece,38.26671054,24.43988823,1809.3419,0,70.10184,229.95518,16.7076,21.883093,11.497896,2.2799063,1,954.0
2012-06-01,Greece,38.26671054,24.43988823,99.07,0,63.713024,314.89456,22.707064,28.593071,16.104023,2.2752635,1,954.0
2012-07-01,Greece,38.26671054,24.43988823,21.600002,0,58.24712,296.24188,25.952724,31.937119,19.42224,2.2949107,1,9.0
2012-08-01,Greece,38.26671054,24.43988823,247.15807,0,53.437336,285.20786,24.896608,31.194567,18.479677,2.1154056,1,9.0
2012-09-01,Greece,38.26671054,24.43988823,1437.9568,0,60.094353,210.16246,20.728483,26.391659,15.169322,2.060001,1,9.0
2012-10-01,Greece,38.26671054,24.43988823,1581.6418,0,66.72326,137.02736,17.42264,22.635757,12.496523,2.0322092,1,686.0
2012-11-01,Greece,38.26671054,24.43988823,1489.3269,0,77.96299,87.886765,12.290657,16.466927,8.441946,2.0335839,1,1698.0
2012-12-01,Greece,38.26671054,24.43988823,3228.9258,0,77.083626,67.71695,6.0226283,10.134196,2.39924,1.9857233,1,2023.0
2013-01-01,Greece,38.26671054,24.43988823,2892.5356,0,78.43143,76.725876,6.0836787,10.123904,2.1247606,2.1469893,1,2049.0
2013-02-01,Greece,38.26671054,24.43988823,3446.6213,0,76.74017,94.078896,7.2876773,11.187065,3.6253884,2.3188002,1,2049.0
2013-03-01,Greece,38.26671054,24.43988823,1373.2806,0,74.49727,146.46182,9.360086,13.745236,5.1202765,2.3745875,1,2049.0
2013-04-01,Greece,38.26671054,24.43988823,579.92334,0,64.17247,236.40941,13.41725,18.828308,7.732279,2.2175817,1,2049.0
2013-05-01,Greece,38.26671054,24.43988823,536.8677,0,62.914204,241.23341,18.620092,24.05208,12.8380995,2.4505656,1,2049.0
2013-06-01,Greece,38.26671054,24.43988823,822.56335,0,69.38918,257.7355,21.124367,26.613817,15.409471,2.2460995,1,2049.0
2013-07-01,Greece,38.26671054,24.43988823,303.7129,0,62.67669,276.40854,23.374947,28.709915,17.526875,2.1357367,1,2049.0
2013-08-01,Greece,38.26671054,24.43988823,64.21936,0,56.392822,264.5188,24.414091,30.181211,18.140627,2.151753,1,2049.0
2013-09-01,Greece,38.26671054,24.43988823,325.9467,0,61.488358,209.85136,20.225246,25.928349,14.29108,1.960454,0,0.0
2013-10-01,Greece,38.26671054,24.43988823,1123.9323,0,68.24583,148.73978,15.183247,20.637321,10.187503,1.9868585,0,0.0
2013-11-01,Greece,38.26671054,24.43988823,3456.3667,0,75.33635,77.61457,11.709648,15.792256,8.008032,2.1898708,0,0.0
2013-12-01,Greece,38.26671054,24.43988823,1429.687,0,73.36901,74.90267,5.9255986,10.540453,1.6871017,1.8012153,0,0.0
2014-01-01,Greece,38.26671054,24.43988823,1611.5903,0,84.55265,69.737785,7.7039967,11.74199,4.088031,2.1243954,0,0.0
2014-02-01,Greece,38.26671054,24.43988823,1028.8322,0,74.52631,99.463585,8.4924555,12.758443,4.3311744,2.1038527,0,0.0
2014-03-01,Greece,38.26671054,24.43988823,2604.016,0,65.17925,150.48727,9.6246805,14.293016,5.0106635,2.1383135,0,0.0
2014-04-01,Greece,38.26671054,24.43988823,2056.9731,0,71.52958,181.30045,12.283847,17.064863,7.481723,2.1198854,0,0.0
2014-05-01,Greece,38.26671054,24.43988823,875.89685,0,69.14441,242.20882,16.075783,21.389463,10.575968,2.2293282,0,0.0
2014-06-01,Greece,38.26671054,24.43988823,577.2767,0,62.079735,255.72789,20.753618,26.308609,14.81947,2.1866705,1,47.0
2014-07-01,Greece,38.26671054,24.43988823,763.0194,0,66.0209,231.33408,23.154629,28.698792,17.189705,2.0560231,1,938.0
2014-08-01,Greece,38.26671054,24.43988823,341.86777,0,65.05102,258.57407,23.71927,29.922182,17.767662,1.9596417,1,4447.0
2014-09-01,Greece,38.26671054,24.43988823,3312.917,0,72.841225,170.39592,19.325312,24.464949,14.604292,1.7899044,1,32651.0
2014-10-01,Greece,38.26671054,24.43988823,3397.9517,0,74.78022,113.88139,14.696633,19.33989,10.226909,1.9409842,1,58579.0
2014-11-01,Greece,38.26671054,24.43988823,2093.4834,0,81.23598,68.69045,10.980038,14.818771,7.3180175,1.9236392,1,73661.0
2014-12-01,Greece,38.26671054,24.43988823,4916.203,0,78.934364,61.72681,7.7708373,11.771988,4.1551356,1.8944557,0,0.0
2015-01-01,Greece,38.26671054,24.43988823,2646.042,0,73.34866,68.830925,5.384121,9.895226,1.0771956,2.0236735,0,0.0
2015-02-01,Greece,38.26671054,24.43988823,4177.5713,0,64.691696,97.77306,5.477294,9.631564,1.356894,2.3923397,0,0.0
2015-03-01,Greece,38.26671054,24.43988823,3833.0225,0,67.09827,123.50325,7.7213254,11.606618,3.872132,2.0827985,0,0.0
2015-04-01,Greece,38.26671054,24.43988823,828.55334,0,65.03688,208.52544,11.357854,16.708725,5.7606626,2.2774894,0,0.0
2015-05-01,Greece,38.26671054,24.43988823,687.52905,0,69.3199,237.68202,17.556244,23.327068,11.630435,2.4299698,0,0.0
2015-06-01,Greece,38.26671054,24.43988823,1147.0867,0,66.95534,266.89236,19.937422,25.402704,14.404136,2.0545907,0,0.0
2015-07-01,Greece,38.26671054,24.43988823,231.04193,0,64.01707,304.82745,24.503515,30.399559,18.010267,2.004971,0,0.0
2015-08-01,Greece,38.26671054,24.43988823,468.61612,0,64.37388,242.98355,24.050835,29.987448,18.459316,2.0182252,0,0.0
2015-09-01,Greece,38.26671054,24.43988823,2557.6433,0,62.301697,193.94989,21.02759,26.59135,16.097523,1.9142488,0,0.0
2015-10-01,Greece,38.26671054,24.43988823,3739.668,0,80.3713,110.719864,15.407759,19.630623,11.784578,1.9697312,0,0.0
2015-11-01,Greece,38.26671054,24.43988823,2356.6665,0,74.28219,101.62879,11.970774,17.846035,7.175019,1.965895,0,0.0
2015-12-01,Greece,38.26671054,24.43988823,53.33548,0,81.64579,89.03345,6.3681755,12.324023,1.8812639,1.4189748,1,7.0
2016-01-01,Greece,38.26671054,24.43988823,2772.4775,0,80.1201,82.24349,5.784588,10.220211,1.5772693,2.1138184,1,7.0
2016-02-01,Greece,38.26671054,24.43988823,1376.9277,0,77.57671,104.00744,9.8484,14.556137,5.205792,2.2821083,1,7.0
2016-03-01,Greece,38.26671054,24.43988823,3111.8809,0,70.10366,149.35242,9.362082,13.726967,4.7912765,2.2153783,0,0.0
2016-04-01,Greece,38.26671054,24.43988823,601.06665,0,65.52697,208.34937,14.628177,20.60158,8.684592,2.1684837,0,0.0
2016-05-01,Greece,38.26671054,24.43988823,1735.258,0,74.193596,224.4887,16.095167,21.215017,10.633657,2.3838456,0,0.0
2016-06-01,Greece,38.26671054,24.43988823,1072.4467,0,68.89558,262.2247,22.112509,27.761723,16.235651,2.1581917,0,0.0
2016-07-01,Greece,38.26671054,24.43988823,117.33226,0,66.0641,270.93954,24.378836,29.779638,18.458412,2.1598248,0,0.0
2016-08-01,Greece,38.26671054,24.43988823,368.49353,0,69.11941,247.83882,23.920403,29.381947,18.221807,2.1261652,0,0.0
2016-09-01,Greece,38.26671054,24.43988823,2891.2703,0,72.79575,173.26242,19.775774,24.91188,14.858848,2.054831,0,0.0
2016-10-01,Greece,38.26671054,24.43988823,2051.9192,0,74.09634,122.51326,15.124074,19.809484,10.670984,1.8494549,0,0.0
2016-11-01,Greece,38.26671054,24.43988823,3161.5635,0,77.68497,87.71802,10.357688,14.966194,6.143501,2.0084991,0,0.0
2016-12-01,Greece,38.26671054,24.43988823,375.01935,0,72.937256,78.13599,4.4438214,9.246725,0.08051035,1.6717716,0,0.0
2017-01-01,Greece,38.26671054,24.43988823,4038.5774,0,75.68967,72.0879,2.2113397,5.8613024,-1.2597166,2.1228287,0,0.0
2017-02-01,Greece,38.26671054,24.43988823,1264.7749,0,77.505264,109.89036,7.4415426,11.860736,3.1918008,2.133523,0,0.0
2017-03-01,Greece,38.26671054,24.43988823,1639.7064,0,66.73037,164.96689,9.949018,15.158464,4.765986,2.2733884,0,0.0
2017-04-01,Greece,38.26671054,24.43988823,518.37,0,68.6141,237.63521,12.13244,17.690983,6.2406616,2.3731546,0,0.0
2017-05-01,Greece,38.26671054,24.43988823,1512.7129,0,73.79293,238.34236,16.916636,22.411581,11.10067,2.371468,0,0.0
2017-06-01,Greece,38.26671054,24.43988823,513.9034,0,68.12073,264.48932,21.968998,27.886755,15.644618,2.214489,0,0.0
2017-07-01,Greece,38.26671054,24.43988823,1045.4937,0,61.437225,291.48447,24.246202,30.19124,17.661167,2.3805146,0,0.0
2017-08-01,Greece,38.26671054,24.43988823,154.15161,0,59.704975,272.67517,24.34155,30.459429,18.18722,2.34487,0,0.0
2017-09-01,Greece,38.26671054,24.43988823,565.26666,0,65.259224,204.75385,20.03002,26.026714,14.186319,2.0839307,0,0.0
2017-10-01,Greece,38.26671054,24.43988823,1182.9033,0,68.85288,156.58879,14.453467,20.440279,8.943672,1.8402282,1,1.0
2017-11-01,Greece,38.26671054,24.43988823,4612.1396,0,76.856476,84.04571,10.138411,14.8197565,6.053213,1.9292831,1,8.0
2017-12-01,Greece,38.26671054,24.43988823,2976.6968,0,78.682625,72.229294,7.3547416,11.786037,3.249141,2.2286558,1,12.0
2018-01-01,Greece,38.26671054,24.43988823,2162.587,0,71.17426,74.30673,6.1995754,10.693354,2.2191339,2.136072,1,12.0
2018-02-01,Greece,38.26671054,24.43988823,5575.3716,0,73.70066,76.30945,7.241055,10.745252,3.681308,2.1157408,1,14.0
2018-03-01,Greece,38.26671054,24.43988823,2324.1904,0,78.97212,122.32038,10.243337,14.771349,5.5966825,2.4283087,1,14.0
2018-04-01,Greece,38.26671054,24.43988823,144.61,0,66.13165,184.37079,15.092494,21.316307,8.798038,2.189227,1,14.0
2018-05-01,Greece,38.26671054,24.43988823,1655.0516,0,70.02196,202.38652,18.669289,23.86438,13.487337,2.1596334,1,14.0
2018-06-01,Greece,38.26671054,24.43988823,3019.1602,0,70.53098,205.88745,21.279503,26.577738,15.957868,2.0415494,1,16.0
2018-07-01,Greece,38.26671054,24.43988823,783.29675,0,72.01154,244.74281,23.712168,29.224518,17.99988,2.0370362,1,16.0
2018-08-01,Greece,38.26671054,24.43988823,496.19354,0,65.63474,212.20598,23.698761,29.1561,18.139149,2.0241175,1,16.0
2018-09-01,Greece,38.26671054,24.43988823,745.50336,0,66.33437,172.46422,20.590227,25.667938,15.274431,2.0091445,1,16.0
2018-10-01,Greece,38.26671054,24.43988823,666.30963,0,70.98021,115.63851,15.63071,20.70568,10.960655,2.108552,1,16.0
2018-11-01,Greece,38.26671054,24.43988823,3387.8765,0,70.83693,74.95597,11.103534,15.38815,7.4060006,2.047319,1,19.0
2018-12-01,Greece,38.26671054,24.43988823,2331.9421,0,75.31354,58.893505,5.7940874,9.939756,1.6806927,1.8107162,1,22.0
2019-01-01,Greece,38.26671054,24.43988823,6990.3516,0,78.27629,63.891136,3.9582994,7.5335574,0.3949701,2.1371577,1,52.0
2019-02-01,Greece,38.26671054,24.43988823,1260.8177,0,72.404755,100.57673,6.6568017,11.062545,2.3158736,2.1638284,1,76.0
2019-03-01,Greece,38.26671054,24.43988823,647.41614,0,69.4461,155.40254,9.82934,15.291802,4.388206,2.167035,1,87.0
2019-04-01,Greece,38.26671054,24.43988823,2641.7634,0,70.80414,180.22362,11.828792,16.598782,6.9835,2.2661364,1,88.0
2019-05-01,Greece,38.26671054,24.43988823,1207.584,0,78.83418,207.9011,15.709064,21.00264,10.105172,2.401533,1,89.0
2019-06-01,Greece,38.26671054,24.43988823,757.5567,0,66.42357,216.14125,22.421474,27.930906,16.516401,2.2788036,1,89.0
2019-07-01,Greece,38.26671054,24.43988823,1143.2871,0,65.97439,253.58432,23.70851,29.204065,17.532831,2.0974424,1,89.0
2019-08-01,Greece,38.26671054,24.43988823,140.37743,0,59.834877,228.06277,24.802908,30.667479,18.408953,2.048747,1,89.0
2019-09-01,Greece,38.26671054,24.43988823,625.86005,0,66.49946,206.56322,20.63086,26.204006,15.110677,2.0914176,1,89.0
2019-10-01,Greece,38.26671054,24.43988823,1419.6226,0,68.28812,135.72112,16.731884,22.555794,11.699938,1.8978469,1,89.0
2019-11-01,Greece,38.26671054,24.43988823,5444.76,0,75.260475,68.47755,13.305275,17.370815,9.485758,2.2515783,1,90.0
2019-12-01,Greece,38.26671054,24.43988823,3873.4807,0,72.90991,53.379913,7.870964,11.529757,4.500068,2.1110845,1,90.0
2020-01-01,Greece,38.26671054,24.43988823,473.32257,0,71.88788,83.059395,4.990783,9.971391,0.50711685,1.8444331,1,144.0
2020-02-01,Greece,38.26671054,24.43988823,1479.831,0,75.23018,125.36366,7.2599626,12.30476,2.3091025,2.1970844,1,146.0
2020-03-01,Greece,38.26671054,24.43988823,2240.8228,0,74.306,141.11,9.154454,14.029529,4.358025,2.149831,1,146.0
2020-04-01,Greece,38.26671054,24.43988823,2574.8833,0,68.835976,191.26392,11.251099,16.376715,5.890793,2.1114848,1,148.0
2020-05-01,Greece,38.26671054,24.43988823,865.9485,0,70.55316,244.70345,16.984638,22.95047,10.612705,2.3055325,1,150.0
2020-06-01,Greece,38.26671054,24.43988823,723.80005,0,74.506805,234.38936,20.280785,25.617994,14.483575,2.2385318,1,150.0
2020-07-01,Greece,38.26671054,24.43988823,476.8097,0,67.81921,266.6316,23.845354,29.308432,17.817162,2.0425742,1,150.0
2020-08-01,Greece,38.26671054,24.43988823,946.13873,0,62.63502,247.02574,23.874533,29.631119,18.00381,2.0224893,1,173.0
2020-09-01,Greece,38.26671054,24.43988823,1212.3066,0,65.33788,165.11765,21.352928,26.894583,15.869602,2.0880196,1,1656.0
2020-10-01,Greece,38.26671054,24.43988823,1793.416,0,73.01874,118.83194,16.216633,21.863535,10.943821,2.1279378,1,3508.0
2020-11-01,Greece,38.26671054,24.43988823,306.10336,0,69.605095,73.12059,10.679206,15.817317,6.0948057,1.7330297,1,3970.0
2020-12-01,Greece,38.26671054,24.43988823,5084.0645,0,76.75795,70.111206,9.014704,12.559108,5.746913,2.0958188,1,4795.0
2021-01-01,Greece,38.26671054,24.43988823,4872.1484,0,75.13034,69.181175,6.9491005,10.920637,2.993988,2.1361465,1,5000.0
2021-02-01,Greece,38.26671054,24.43988823,1906.3608,0,72.02575,95.24808,7.450554,12.471546,3.1164947,2.0431342,1,5000.0
2021-03-01,Greece,38.26671054,24.43988823,1462.5322,0,64.664314,120.071205,7.679413,12.384595,2.7541783,2.0335188,1,5000.0
2021-04-01,Greece,38.26671054,24.43988823,1040.9434,0,63.725853,167.67058,11.294684,16.536306,5.63542,2.0566351,1,4719.0
2021-05-01,Greece,38.26671054,24.43988823,326.4484,0,66.25371,209.84108,17.739779,23.60351,11.146438,2.3526652,1,4719.0
2021-06-01,Greece,38.26671054,24.43988823,952.24,0,64.47736,187.39433,21.24554,26.951357,14.836902,2.1568766,1,4719.0
2021-07-01,Greece,38.26671054,24.43988823,136.4742,0,56.933643,293.5567,25.309233,31.038057,18.947268,2.1842725,1,4719.0
2021-08-01,Greece,38.26671054,24.43988823,111.8871,0,52.215633,299.8467,25.430655,31.623447,18.894255,2.0197399,1,4719.0
2021-09-01,Greece,38.26671054,24.43988823,426.56335,0,62.294567,214.05194,19.952393,25.382248,14.474581,1.9047145,1,4719.0
2021-10-01,Greece,38.26671054,24.43988823,5667.861,0,65.40638,99.47907,13.588215,17.899506,9.687698,1.8630048,1,4719.0
2021-11-01,Greece,38.26671054,24.43988823,2940.3735,0,70.24955,84.82512,11.584302,15.884872,7.637238,1.9989512,1,4719.0
2021-12-01,Greece,38.26671054,24.43988823,3896.5483,0,77.98473,63.50527,6.813735,10.663862,2.893469,2.0742779,1,4719.0
2022-01-01,Greece,38.26671054,24.43988823,2000.9193,0,75.80806,51.153576,4.3567667,8.737925,-0.019038552,1.7506745,1,4719.0
2022-02-01,Greece,38.26671054,24.43988823,2524.1748,0,77.552734,113.67904,6.5096846,11.2666235,1.8552439,1.9649665,1,4719.0
2022-03-01,Greece,38.26671054,24.43988823,1622.8677,0,66.43282,143.62666,5.6442924,9.947533,0.9932558,2.1572647,1,4719.0
2022-04-01,Greece,38.26671054,24.43988823,954.6434,0,74.83142,218.29663,12.489114,17.709087,6.7714105,2.269353,1,4719.0
2022-05-01,Greece,38.26671054,24.43988823,538.7451,0,68.75191,219.51712,17.50617,23.19696,11.051535,2.1392298,1,4720.0
2022-06-01,Greece,38.26671054,24.43988823,1044.1167,0,63.394295,236.73521,22.65494,28.038177,16.97997,2.2487485,1,4721.0
2022-07-01,Greece,38.26671054,24.43988823,488.06134,0,61.94032,265.47684,24.469975,29.989752,18.11136,2.168491,1,4721.0
2022-08-01,Greece,38.26671054,24.43988823,841.74194,0,66.957115,219.77019,24.103111,29.761133,18.511616,2.1175885,1,4721.0
2022-09-01,Greece,38.26671054,24.43988823,608.6666,0,69.98984,171.60138,19.958923,25.39598,14.328003,1.9884396,1,4721.0
2022-10-01,Greece,38.26671054,24.43988823,838.13873,0,72.32963,150.06216,15.841419,21.272717,10.456791,1.918473,1,4721.0
2022-11-01,Greece,38.26671054,24.43988823,2985.0195,0,75.647415,86.30785,12.146145,16.698221,7.753829,2.0764568,1,4721.0
2022-12-01,Greece,38.26671054,24.43988823,2020.6387,0,82.51834,70.533966,9.653895,13.7291355,6.080674,1.6608701,1,4721.0
2023-01-01,Greece,38.26671054,24.43988823,3512.332,0,83.759094,63.756493,7.3617263,11.631355,3.5633242,1.9272029,1,4724.0
2023-02-01,Greece,38.26671054,24.43988823,527.5393,0,79.66415,111.40503,5.790227,10.861007,0.83082664,1.9872446,1,4726.0
2023-03-01,Greece,38.26671054,24.43988823,1526.7549,0,78.68814,140.41516,9.647048,14.306541,4.6283183,2.1454923,1,4726.0
2023-04-01,Greece,38.26671054,24.43988823,2116.2234,0,78.297134,171.90489,11.342946,15.998217,6.4559803,2.163874,1,4726.0
2023-05-01,Greece,38.26671054,24.43988823,2392.187,0,79.806526,172.24365,15.450683,19.890345,10.850188,2.210489,1,4726.0
2023-06-01,Greece,38.26671054,24.43988823,1362.4468,0,71.14618,261.5598,20.808434,25.86895,15.338626,1.882461,1,4726.0
2023-07-01,Greece,38.26671054,24.43988823,207.78387,0,64.53039,251.67561,25.84557,31.929964,19.236723,2.0219145,1,4726.0
2023-08-01,Greece,38.26671054,24.43988823,165.22903,0,70.11363,241.70274,24.592653,30.594904,18.684702,2.0488172,1,4726.0
2023-09-01,Greece,38.26671054,24.43988823,1647.8134,0,73.738945,150.21748,20.929207,26.299936,16.171282,1.9575367,1,4726.0
2023-10-01,Greece,38.26671054,24.43988823,600.7097,0,73.04641,167.62416,17.73572,23.091717,12.824711,2.1726472,1,4726.0
2023-11-01,Greece,38.26671054,24.43988823,4314.6035,0,79.11678,65.47742,12.8110285,17.463718,8.257512,2.2176795,1,4740.0
2023-12-01,Greece,38.26671054,24.43988823,1535.6483,0,77.95573,72.889725,8.714467,13.492185,4.7247286,1.857967,1,5103.0
2024-01-01,Greece,38.26671054,24.43988823,2036.471,0,74.50305,70.10812,6.670323,11.023361,2.6765213,1.8288395,1,5285.0
2024-02-01,Greece,38.26671054,24.43988823,1975.7585,0,74.204094,113.404305,9.3365,14.231635,4.815632,2.1958146,1,5333.0
2024-03-01,Greece,38.26671054,24.43988823,2170.6904,0,75.23624,146.64233,10.636378,15.60846,6.0613823,2.28271,1,5333.0
2024-04-01,Greece,38.26671054,24.43988823,1775.8999,0,70.3809,221.76349,14.883647,20.927877,9.465862,2.290798,1,5333.0
2024-05-01,Greece,38.26671054,24.43988823,1118.3484,0,73.60369,169.62483,16.911608,22.298218,11.928135,2.2428358,1,5333.0
2024-06-01,Greece,38.26671054,24.43988823,160.61002,0,63.422432,256.81818,24.290672,30.991608,18.28479,2.2876499,1,5335.0
2024-07-01,Greece,38.26671054,24.43988823,339.74515,0,61.163418,269.8395,26.471336,32.88171,20.553076,2.0912824,1,5336.0
2024-08-01,Greece,38.26671054,24.43988823,398.02902,0,59.98771,168.4641,25.94258,31.960478,20.275501,2.00595,1,5336.0
2024-09-01,Greece,38.26671054,24.43988823,2048.5566,0,76.27473,177.16264,21.085999,26.18881,16.22469,1.9246764,1,5336.0
2024-10-01,Greece,38.26671054,24.43988823,408.00644,0,80.872314,149.38153,16.643955,22.128801,11.301545,2.078782,1,5473.0
2024-11-01,Greece,38.26671054,24.43988823,3693.9868,0,74.18228,80.34006,10.6902895,15.584491,6.10716,1.7912915,1,7544.0
2024-12-01,Greece,38.26671054,24.43988823,4687.9067,0,77.0753,49.929398,8.008904,11.826393,4.419131,1.8438989,1,8623.0
