time,area_name,lat,lon,precipitation,humidity,surface_pressure,temp_mean,temp_max,temp_min,wind_speed,cases,temp_range,month,rolling_precipitation,temp_mean_6m,outbreak_lag_1,outbreak_lag_2,outbreak_lag_3,outbreak_lag_4,outbreak_lag_5,outbreak_lag_6,outbreak
2000-01-01,France,46.19159293,2.189861097,4836.9517,85.09959,48.820797,2.925026,6.4173474,0.0865148,2.8193104,0.0,6.3308326,1,4836.9517,2.925026,,,,,,,0
2000-02-01,France,46.19159293,2.189861097,18291.08,82.611824,78.10847,6.1106763,10.310125,2.5269885,3.463055,0.0,7.7831364999999995,2,11564.01585,4.51785115,0.0,,,,,,0
2000-03-01,France,46.19159293,2.189861097,10468.562,76.196625,133.59268,6.872699,11.956517,2.5607789,3.1651795,0.0,9.395738099999999,3,11198.864566666665,5.302800433333333,0.0,0.0,,,,,0
2000-04-01,France,46.19159293,2.189861097,22042.273,77.52287,163.3318,9.526997,14.459196,5.173973,3.437171,0.0,9.285223,4,13909.716675,6.358849575,0.0,0.0,0.0,,,,0
2000-05-01,France,46.19159293,2.189861097,17007.578,77.87979,210.6525,14.661197,20.029898,9.882536,2.7407234,0.0,10.147362,5,14529.288939999999,8.019319059999999,0.0,0.0,0.0,0.0,,,0
2000-06-01,France,46.19159293,2.189861097,10190.213,72.24422,251.39977,17.470242,23.102842,11.992459,2.8243353,0.0,11.110382999999999,6,13806.109616666667,9.594472883333333,0.0,0.0,0.0,0.0,0.0,,0
2000-07-01,France,46.19159293,2.189861097,21961.348,75.627365,220.83807,16.944569,22.34179,12.115663,2.995901,0.0,10.226127,7,16660.175666666666,11.931063383333333,0.0,0.0,0.0,0.0,0.0,0.0,0
2000-08-01,France,46.19159293,2.189861097,10332.878,73.935875,209.78099,19.187046,25.439772,13.6704445,2.3326054,0.0,11.769327500000001,8,15333.80866666667,14.110458333333334,0.0,0.0,0.0,0.0,0.0,0.0,0
2000-09-01,France,46.19159293,2.189861097,15095.776,78.07283,157.0416,16.060474,21.916624,11.217575,2.4884524,0.0,10.699048999999999,9,16105.011,15.641754166666667,0.0,0.0,0.0,0.0,0.0,0.0,0
2000-10-01,France,46.19159293,2.189861097,26311.275,84.75491,85.20183,11.323466,15.398702,8.034903,3.0534358,0.0,7.363799,10,16816.511333333332,15.941165666666665,0.0,0.0,0.0,0.0,0.0,0.0,0
2000-11-01,France,46.19159293,2.189861097,34456.848,86.42773,48.65136,7.5606403,10.9923315,4.7244167,3.6647127,0.0,6.267914800000001,11,19724.722999999998,14.757739549999998,0.0,0.0,0.0,0.0,0.0,0.0,0
2000-12-01,France,46.19159293,2.189861097,18112.764,84.44256,37.526367,6.787935,10.016443,4.065541,3.5160341,0.0,5.950902000000001,12,21045.14816666667,12.97735505,0.0,0.0,0.0,0.0,0.0,0.0,0
2001-01-01,France,46.19159293,2.189861097,22561.732,85.48524,41.416218,4.7504764,7.7890515,2.0143423,3.5161366,0.0,5.7747092,1,21145.212166666664,10.945006283333333,0.0,0.0,0.0,0.0,0.0,0.0,0
2001-02-01,France,46.19159293,2.189861097,10831.539,81.26281,78.6937,4.859587,8.925319,1.4980121,3.5004616,0.0,7.4273069,2,21228.322333333334,8.557096450000001,0.0,0.0,0.0,0.0,0.0,0.0,0
2001-03-01,France,46.19159293,2.189861097,32287.092,83.695946,100.91245,8.714124,12.750455,5.4203033,3.671465,0.0,7.330151700000001,3,24093.541666666668,7.332704783333334,0.0,0.0,0.0,0.0,0.0,0.0,0
2001-04-01,France,46.19159293,2.189861097,22960.389,78.104004,159.75517,8.336486,12.789122,4.53876,3.6874452,0.0,8.250362,4,23535.060666666668,6.834874783333333,0.0,0.0,0.0,0.0,0.0,0.0,0
2001-05-01,France,46.19159293,2.189861097,12297.766,76.41182,220.36696,14.475832,19.844208,9.484924,2.703559,0.0,10.359283999999999,5,19841.880333333334,7.987406733333333,0.0,0.0,0.0,0.0,0.0,0.0,0
2001-06-01,France,46.19159293,2.189861097,9787.357,69.589874,257.81116,16.498016,22.462479,10.549612,2.6893082,0.0,11.912866999999999,6,18454.3125,9.605753566666666,0.0,0.0,0.0,0.0,0.0,0.0,0
2001-07-01,France,46.19159293,2.189861097,20171.46,74.314766,232.11082,18.826414,24.623806,13.565154,2.7031193,0.0,11.058651999999999,7,18055.933833333333,11.951743166666667,0.0,0.0,0.0,0.0,0.0,0.0,0
2001-08-01,France,46.19159293,2.189861097,12280.528,73.774216,210.38126,19.486904,25.606026,14.187938,2.5721128,0.0,11.418088,8,18297.432,14.389629333333332,0.0,0.0,0.0,0.0,0.0,0.0,0
2001-09-01,France,46.19159293,2.189861097,16369.311,80.33429,143.10185,13.264864,18.48915,8.860684,2.8415964,0.0,9.628466,9,15644.4685,15.148086,0.0,0.0,0.0,0.0,0.0,0.0,0
2001-10-01,France,46.19159293,2.189861097,16766.342,83.834274,100.59584,14.349219,19.538393,10.416982,2.7369075,0.0,9.121410999999998,10,14612.127333333332,16.15020816666667,0.0,0.0,0.0,0.0,0.0,0.0,0
2001-11-01,France,46.19159293,2.189861097,12191.764,85.445564,57.27826,5.2777414,9.123514,1.9549768,2.930703,0.0,7.1685372,11,14594.460333333334,14.617193066666665,0.0,0.0,0.0,0.0,0.0,0.0,0
2001-12-01,France,46.19159293,2.189861097,8917.655,83.299934,46.554237,1.7157642,5.4203405,-1.3758137,3.0884175,0.0,6.7961542,12,14449.51,12.153484433333333,0.0,0.0,0.0,0.0,0.0,0.0,0
2002-01-01,France,46.19159293,2.189861097,8256.99,83.428604,52.83244,4.388011,8.545078,1.0529164,3.1160166,0.0,7.4921616,1,12463.765,9.747083933333334,0.0,0.0,0.0,0.0,0.0,0.0,0
2002-02-01,France,46.19159293,2.189861097,21459.016,81.12874,69.31796,6.7668004,10.392991,3.6515028,4.448298,0.0,6.741488200000001,2,13993.512999999999,7.627066666666667,0.0,0.0,0.0,0.0,0.0,0.0,0
2002-03-01,France,46.19159293,2.189861097,10338.571,75.47162,134.16438,8.19649,13.281925,3.7354443,3.2911303,0.0,9.5464807,3,12988.389666666664,6.782337666666666,0.0,0.0,0.0,0.0,0.0,0.0,0
2002-04-01,France,46.19159293,2.189861097,7649.337,70.66848,188.2567,9.922055,15.509279,4.670038,3.2550163,0.0,10.839241,4,11468.888833333333,6.0444770000000005,0.0,0.0,0.0,0.0,0.0,0.0,0
2002-05-01,France,46.19159293,2.189861097,20100.547,77.044655,206.16945,12.6636305,17.830278,7.922758,3.0516474,0.0,9.90752,5,12787.019333333335,7.275458516666667,0.0,0.0,0.0,0.0,0.0,0.0,0
2002-06-01,France,46.19159293,2.189861097,13265.63,73.684845,244.50099,17.623146,23.36069,12.22989,2.7561915,0.0,11.130800000000002,6,13511.681833333334,9.926688816666667,0.0,0.0,0.0,0.0,0.0,0.0,0
2002-07-01,France,46.19159293,2.189861097,13611.894,74.16785,223.42834,17.894861,23.581272,12.691947,2.9398208,0.0,10.889324999999998,7,14404.165833333333,12.177830483333333,0.0,0.0,0.0,0.0,0.0,0.0,0
2002-08-01,France,46.19159293,2.189861097,18467.531,79.240875,183.91618,17.761862,23.259117,13.206728,2.4063826,0.0,10.052389,8,13905.585,14.010340750000003,0.0,0.0,0.0,0.0,0.0,0.0,0
2002-09-01,France,46.19159293,2.189861097,11504.317,78.59701,159.98308,14.451728,20.28666,9.606451,2.5676947,0.0,10.680209000000001,9,14099.875999999998,15.052880416666666,0.0,0.0,0.0,0.0,0.0,0.0,0
2002-10-01,France,46.19159293,2.189861097,20192.598,82.48536,94.108826,11.694674,16.583641,7.656594,3.0714893,0.0,8.927047,10,16190.419499999998,15.348316916666667,0.0,0.0,0.0,0.0,0.0,0.0,0
2002-11-01,France,46.19159293,2.189861097,33398.945,87.66582,51.730778,8.538912,12.118112,5.616949,3.2125373,0.0,6.501163,11,18406.819166666668,14.660863833333332,0.0,0.0,0.0,0.0,0.0,0.0,0
2002-12-01,France,46.19159293,2.189861097,20082.098,87.83821,31.540487,6.3027864,9.02218,3.991354,3.3548074,0.0,5.030826000000001,12,19542.897166666666,12.774137233333335,0.0,0.0,0.0,0.0,0.0,0.0,0
2003-01-01,France,46.19159293,2.189861097,16946.148,84.24463,48.928974,2.1872644,5.4564557,-0.71178657,3.738068,0.0,6.16824227,1,20098.60616666667,10.156204466666667,0.0,0.0,0.0,0.0,0.0,0.0,0
2003-02-01,France,46.19159293,2.189861097,10208.872,77.58938,86.19511,2.5962126,6.9726567,-1.0512922,3.1448083,0.0,8.0239489,2,18722.163,7.628596233333333,0.0,0.0,0.0,0.0,0.0,0.0,0
2003-03-01,France,46.19159293,2.189861097,6165.2583,69.42954,157.42644,8.797455,14.98001,3.3939822,2.930229,0.0,11.5860278,3,17832.319883333334,6.686217399999999,0.0,0.0,0.0,0.0,0.0,0.0,0
2003-04-01,France,46.19159293,2.189861097,10974.744,66.62185,196.98541,10.560835,16.304121,5.079964,3.5166569,0.0,11.224156999999998,4,16296.010883333336,6.497244233333333,0.0,0.0,0.0,0.0,0.0,0.0,0
2003-05-01,France,46.19159293,2.189861097,12480.723,74.64835,217.28088,14.084109,19.57706,8.923993,2.9413648,0.0,10.653067,5,12809.640550000002,7.421443733333334,0.0,0.0,0.0,0.0,0.0,0.0,0
2003-06-01,France,46.19159293,2.189861097,9045.447,70.928535,263.46005,20.698387,27.11389,14.773178,2.540978,0.0,12.340712000000002,6,10970.198716666668,9.820710499999999,0.0,0.0,0.0,0.0,0.0,0.0,0
2003-07-01,France,46.19159293,2.189861097,9895.383,67.06465,254.17322,20.2435,26.579813,14.162996,2.7003655,0.0,12.416817000000002,7,9795.071216666667,12.830083100000001,0.0,0.0,0.0,0.0,0.0,0.0,0
2003-08-01,France,46.19159293,2.189861097,7641.739,62.24784,230.8975,22.931364,30.37534,16.136301,2.2920306,0.0,14.239039000000002,8,9367.215716666668,16.219275,0.0,0.0,0.0,0.0,0.0,0.0,0
2003-09-01,France,46.19159293,2.189861097,10893.137,71.190056,171.04086,15.7921915,22.361729,10.08344,2.480922,0.0,12.278289000000001,9,10155.1955,17.385064416666665,0.0,0.0,0.0,0.0,0.0,0.0,0
2003-10-01,France,46.19159293,2.189861097,23268.367,82.67774,92.56015,9.504307,14.061622,5.8240323,2.9868913,0.0,8.237589700000001,10,12204.132666666666,17.20897641666667,0.0,0.0,0.0,0.0,0.0,0.0,0
2003-11-01,France,46.19159293,2.189861097,17572.008,86.37382,56.59178,8.221125,12.305907,4.823495,2.8193712,0.0,7.482411999999999,11,13052.680166666667,16.231812416666667,0.0,0.0,0.0,0.0,0.0,0.0,0
2003-12-01,France,46.19159293,2.189861097,17235.549,85.25959,40.982258,4.4601517,7.878965,1.5921161,3.2937217,0.0,6.2868489,12,14417.697166666667,13.525439866666666,0.0,0.0,0.0,0.0,0.0,0.0,0
2004-01-01,France,46.19159293,2.189861097,27026.125,86.43793,40.85293,3.9779375,7.0727644,1.1728046,3.7962823,0.0,5.8999597999999995,1,17272.820833333335,10.814512783333333,0.0,0.0,0.0,0.0,0.0,0.0,0
2004-02-01,France,46.19159293,2.189861097,6425.2373,79.33215,87.78436,4.17493,8.79639,0.5460583,3.0715187,0.0,8.2503317,2,17070.07055,7.688440450000001,0.0,0.0,0.0,0.0,0.0,0.0,0
2004-03-01,France,46.19159293,2.189861097,10530.568,76.54251,132.64232,5.842721,10.809994,1.5899113,3.3350506,0.0,9.220082699999999,3,17009.642383333332,6.030195366666667,0.0,0.0,0.0,0.0,0.0,0.0,0
2004-04-01,France,46.19159293,2.189861097,16504.48,76.93003,173.86655,9.329541,14.246824,4.8811903,3.369799,0.0,9.3656337,4,15882.327883333332,6.0010677,0.0,0.0,0.0,0.0,0.0,0.0,0
2004-05-01,France,46.19159293,2.189861097,11589.381,73.793205,237.39407,12.647339,18.358343,7.1160245,2.8914268,0.0,11.242318500000001,5,14885.223383333332,6.738770033333334,0.0,0.0,0.0,0.0,0.0,0.0,0
2004-06-01,France,46.19159293,2.189861097,5919.9463,69.55102,261.06247,17.545288,23.555061,11.645529,2.9469926,0.0,11.909531999999999,6,12999.289599999998,8.919626083333332,0.0,0.0,0.0,0.0,0.0,0.0,0
2004-07-01,France,46.19159293,2.189861097,11308.475,70.52416,238.13638,18.431862,24.510696,12.850019,2.804659,0.0,11.660677,7,10379.681266666666,11.328613500000001,0.0,0.0,0.0,0.0,0.0,0.0,0
2004-08-01,France,46.19159293,2.189861097,23654.889,76.06933,194.96184,18.91108,24.587402,14.289799,2.8598852,0.0,10.297603,8,13251.289883333333,13.7846385,0.0,0.0,0.0,0.0,0.0,0.0,0
2004-09-01,France,46.19159293,2.189861097,6237.1235,75.67242,168.1229,16.27374,22.094042,11.27083,2.7603989,0.0,10.823212000000002,9,12535.7158,15.523141666666666,0.0,0.0,0.0,0.0,0.0,0.0,0
2004-10-01,France,46.19159293,2.189861097,24736.295,83.73483,88.97309,12.63698,17.12268,9.118321,3.0500605,0.0,8.004359,10,13907.684966666668,16.074381499999998,0.0,0.0,0.0,0.0,0.0,0.0,0
2004-11-01,France,46.19159293,2.189861097,8431.098,86.73782,52.78771,6.3568277,9.887715,3.4687731,2.521585,0.0,6.4189419,11,13381.304466666668,15.025962949999998,0.0,0.0,0.0,0.0,0.0,0.0,0
2004-12-01,France,46.19159293,2.189861097,13521.671,87.41697,37.88697,3.422016,6.6572375,0.69374174,2.8830295,0.0,5.96349576,12,14648.258583333334,12.672084283333332,0.0,0.0,0.0,0.0,0.0,0.0,0
2005-01-01,France,46.19159293,2.189861097,9542.087,83.71762,52.08247,3.7176425,7.3190737,0.68406326,3.50569,0.0,6.635010439999999,1,14353.860583333333,10.219714366666667,0.0,0.0,0.0,0.0,0.0,0.0,0
2005-02-01,France,46.19159293,2.189861097,8563.707,80.85054,81.33493,1.4779078,5.230179,-1.4815583,3.4186654,0.0,6.711737299999999,2,11838.663583333333,7.314185666666667,0.0,0.0,0.0,0.0,0.0,0.0,0
2005-03-01,France,46.19159293,2.189861097,8041.5737,77.00157,134.38586,6.573645,11.869943,1.996097,2.8328893,0.0,9.873845999999999,3,12139.405283333334,5.6975031666666665,0.0,0.0,0.0,0.0,0.0,0.0,0
2005-04-01,France,46.19159293,2.189861097,18175.043,76.984024,172.17767,9.918102,14.964585,5.3463664,3.2057145,0.0,9.618218599999999,4,11045.863283333334,5.244356833333334,0.0,0.0,0.0,0.0,0.0,0.0,0
2005-05-01,France,46.19159293,2.189861097,11959.442,72.913635,233.05789,13.840636,19.449604,8.612109,2.94834,0.0,10.837495,5,11633.920616666668,6.491658216666667,0.0,0.0,0.0,0.0,0.0,0.0,0
2005-06-01,France,46.19159293,2.189861097,8486.517,69.803406,269.0204,18.75183,25.121407,12.584786,2.7033951,0.0,12.536621000000002,6,10794.728283333332,9.046627216666668,0.0,0.0,0.0,0.0,0.0,0.0,0
2005-07-01,France,46.19159293,2.189861097,11224.394,70.64658,239.05962,19.342516,25.307112,13.883093,2.936481,0.0,11.424019,7,11075.112783333332,11.6507728,0.0,0.0,0.0,0.0,0.0,0.0,0
2005-08-01,France,46.19159293,2.189861097,8610.122,69.89014,220.21396,17.768808,24.024021,11.936509,2.7873938,0.0,12.087512000000002,8,11082.848616666664,14.365922833333334,0.0,0.0,0.0,0.0,0.0,0.0,0
2005-09-01,France,46.19159293,2.189861097,14151.568,77.95164,156.75255,15.999539,21.879457,11.192787,2.3171415,0.0,10.68667,9,12101.180999999999,15.936905166666667,0.0,0.0,0.0,0.0,0.0,0.0,0
2005-10-01,France,46.19159293,2.189861097,14368.4795,81.70393,98.10405,13.966778,18.846697,10.203695,2.9135308,0.0,8.643002,10,11466.753749999998,16.6116845,0.0,0.0,0.0,0.0,0.0,0.0,0
2005-11-01,France,46.19159293,2.189861097,13644.161,85.06186,61.999016,5.766477,9.799393,2.611662,2.782628,0.0,7.187731,11,11747.54025,15.265991333333332,0.0,0.0,0.0,0.0,0.0,0.0,0
2005-12-01,France,46.19159293,2.189861097,13858.745,85.833626,40.859962,1.9541464,5.304352,-0.95256877,3.0333362,0.0,6.25692077,12,12642.911583333333,12.466377399999999,0.0,0.0,0.0,0.0,0.0,0.0,0
2006-01-01,France,46.19159293,2.189861097,10101.732,84.95401,51.025955,2.1596217,5.6640525,-0.5545931,2.722291,0.0,6.2186456,1,12455.801249999999,9.602561683333333,0.0,0.0,0.0,0.0,0.0,0.0,0
2006-02-01,France,46.19159293,2.189861097,13347.775,83.66915,71.73912,2.3965344,6.0800953,-0.55834603,3.1140084,0.0,6.63844133,2,13245.41008333333,7.040516083333333,0.0,0.0,0.0,0.0,0.0,0.0,0
2006-03-01,France,46.19159293,2.189861097,23365.12,78.92335,121.092445,6.063409,10.507553,2.3707666,3.9200394,0.0,8.1367864,3,14781.002083333333,5.384494416666667,0.0,0.0,0.0,0.0,0.0,0.0,0
2006-04-01,France,46.19159293,2.189861097,8299.927,74.221344,189.9764,9.800148,15.172958,4.939112,3.0355668,0.0,10.233846,4,13769.576666666666,4.690056083333333,0.0,0.0,0.0,0.0,0.0,0.0,0
2006-05-01,France,46.19159293,2.189861097,15372.387,76.33952,210.18275,13.748297,19.08512,9.005458,3.2196012,0.0,10.079661999999999,5,14057.614333333333,6.020359416666667,0.0,0.0,0.0,0.0,0.0,0.0,0
2006-06-01,France,46.19159293,2.189861097,7173.8774,67.16356,275.5828,18.295435,24.662323,11.880587,2.643964,0.0,12.781736,6,12943.469733333332,8.743907516666667,0.0,0.0,0.0,0.0,0.0,0.0,0
2006-07-01,France,46.19159293,2.189861097,10592.399,66.98058,263.8047,22.573538,29.386578,16.254904,2.442209,0.0,13.131674,7,13025.247566666667,12.1462269,0.0,0.0,0.0,0.0,0.0,0.0,0
2006-08-01,France,46.19159293,2.189861097,18624.414,75.9994,192.87823,16.67213,22.049904,12.260035,3.112824,0.0,9.789869000000001,8,13904.6874,14.525492833333331,0.0,0.0,0.0,0.0,0.0,0.0,0
2006-09-01,France,46.19159293,2.189861097,19265.148,78.681755,154.9465,17.817245,23.516666,13.224472,2.6235113,2.0,10.292194,9,13221.358733333334,16.4844655,0.0,0.0,0.0,0.0,0.0,0.0,1
2006-10-01,France,46.19159293,2.189861097,16972.01,83.329865,96.402176,14.306583,18.989536,10.669544,2.9870281,2.0,8.319992000000001,10,14666.7059,17.235538,1.0,0.0,0.0,0.0,0.0,0.0,1
2006-11-01,France,46.19159293,2.189861097,14467.867,83.622246,62.593105,8.930373,13.3777895,5.2661767,3.180701,4.0,8.1116128,11,14515.952566666667,16.432550666666668,1.0,1.0,0.0,0.0,0.0,0.0,1
2006-12-01,France,46.19159293,2.189861097,14258.506,85.02402,42.693222,4.5168314,8.295875,1.4487135,3.0200078,0.0,6.8471615,12,15696.724000000002,14.136116733333333,1.0,1.0,1.0,0.0,0.0,0.0,0
2007-01-01,France,46.19159293,2.189861097,12033.873,85.83833,46.606884,5.9340034,9.093711,3.1142695,3.6578686,0.0,5.979441500000001,1,15936.969666666666,11.362860966666666,0.0,1.0,1.0,1.0,0.0,0.0,0
2007-02-01,France,46.19159293,2.189861097,21794.197,83.23378,74.70124,6.8574023,10.929738,3.5058887,3.6677566,1.0,7.4238493000000005,2,16465.26683333333,9.727073016666667,0.0,0.0,1.0,1.0,1.0,0.0,1
2007-03-01,France,46.19159293,2.189861097,15941.832,79.08326,129.05357,6.8166585,11.687752,2.690499,3.4259434,6.0,8.997253,3,15911.38083333333,7.893641933333334,1.0,0.0,0.0,1.0,1.0,1.0,1
2007-04-01,France,46.19159293,2.189861097,5930.3335,71.387596,219.51236,13.242427,19.952856,6.9944787,2.4957113,12.0,12.9583773,4,14071.101416666666,7.7162826,1.0,1.0,0.0,0.0,1.0,1.0,1
2007-05-01,France,46.19159293,2.189861097,23652.975,78.77208,197.03401,14.133937,19.189209,9.931319,3.4418314,23.0,9.257890000000002,5,15601.952749999999,8.583543266666666,1.0,1.0,1.0,0.0,0.0,1.0,1
2007-06-01,France,46.19159293,2.189861097,20123.885,78.997765,221.73582,16.952068,22.294285,12.409423,2.8686364,35.0,9.884861999999998,6,16579.515916666667,10.6560827,1.0,1.0,1.0,1.0,0.0,0.0,1
2007-07-01,France,46.19159293,2.189861097,17855.064,74.416435,229.60732,17.645987,23.03862,12.9242325,3.1920254,0.0,10.114387500000001,7,17549.714416666666,12.608079966666667,1.0,1.0,1.0,1.0,1.0,0.0,0
2007-08-01,France,46.19159293,2.189861097,17600.287,77.029686,194.93591,17.3641,22.841362,12.570354,2.7741942,2.0,10.271008,8,16850.729416666665,14.359196249999998,0.0,1.0,1.0,1.0,1.0,1.0,1
2007-09-01,France,46.19159293,2.189861097,9423.536,77.59719,168.47852,14.17026,20.171612,9.061592,2.5862057,175.0,11.11002,9,15764.346749999999,15.584796500000001,1.0,0.0,1.0,1.0,1.0,1.0,1
2007-10-01,France,46.19159293,2.189861097,6947.29,82.71711,105.78691,10.708155,15.899837,6.7437124,2.3463407,383.0,9.1561246,10,15933.8395,15.162417833333334,1.0,1.0,0.0,1.0,1.0,1.0,1
2007-11-01,France,46.19159293,2.189861097,11688.823,83.3901,59.960785,5.685635,9.742627,2.2433026,2.9280288,424.0,7.499324400000001,11,13939.814166666669,13.7543675,1.0,1.0,1.0,0.0,1.0,1.0,1
2007-12-01,France,46.19159293,2.189861097,14806.514,83.722786,47.44204,3.430484,7.264547,0.46062705,3.2900012,472.0,6.80391995,12,13053.585666666666,11.500770166666667,1.0,1.0,1.0,1.0,0.0,1.0,1
2008-01-01,France,46.19159293,2.189861097,18422.238,83.88957,50.12442,5.607716,9.445373,2.4156814,3.4190617,480.0,7.0296916,1,13148.114666666666,9.494391666666667,1.0,1.0,1.0,1.0,1.0,0.0,1
2008-02-01,France,46.19159293,2.189861097,8345.169,78.836525,96.633644,5.9327955,11.433506,1.503119,2.8930678,492.0,9.930387,2,11605.595000000001,7.589174249999999,1.0,1.0,1.0,1.0,1.0,1.0,1
2008-03-01,France,46.19159293,2.189861097,20670.814,79.38771,115.76553,6.1871257,10.252397,2.852746,4.3453918,493.0,7.399651,3,13480.141333333333,6.258651866666667,1.0,1.0,1.0,1.0,1.0,1.0,1
2008-04-01,France,46.19159293,2.189861097,20392.527,77.391365,173.66133,8.938611,13.961495,4.6182013,3.2412746,503.0,9.3432937,4,15721.014166666668,5.963727866666666,1.0,1.0,1.0,1.0,1.0,1.0,1
2008-05-01,France,46.19159293,2.189861097,22073.486,75.439735,215.14514,14.808759,20.43155,9.668454,2.486229,508.0,10.763096,5,17451.79133333333,7.484248533333333,1.0,1.0,1.0,1.0,1.0,1.0,1
2008-06-01,France,46.19159293,2.189861097,12990.808,76.96131,235.90977,16.659954,22.001402,11.753648,2.4954464,9.0,10.247753999999999,6,17149.173666666666,9.6891602,1.0,1.0,1.0,1.0,1.0,1.0,1
2008-07-01,France,46.19159293,2.189861097,11945.339,71.79098,246.75824,18.368479,24.473322,12.65896,2.6633682,9.0,11.814362,7,16069.690500000002,11.815954033333334,1.0,1.0,1.0,1.0,1.0,1.0,1
2008-08-01,France,46.19159293,2.189861097,14150.774,76.162,198.7575,17.984015,23.663145,13.148999,2.733035,9.0,10.514146,8,17037.29133333333,13.824490616666667,1.0,1.0,1.0,1.0,1.0,1.0,1
2008-09-01,France,46.19159293,2.189861097,13805.583,77.92612,157.92215,13.768172,19.596102,8.943206,2.7338133,9.0,10.652895999999998,9,15893.086166666666,15.087998333333331,1.0,1.0,1.0,1.0,1.0,1.0,1
2008-10-01,France,46.19159293,2.189861097,19089.818,83.86029,94.919136,10.689637,15.729115,6.7519684,2.5422351,9.0,8.977146600000001,10,15675.967999999999,15.379836,1.0,1.0,1.0,1.0,1.0,1.0,1
2008-11-01,France,46.19159293,2.189861097,20073.111,87.363884,48.120125,6.676542,9.932257,4.012133,3.0400224,9.0,5.9201239999999995,11,15342.572166666665,14.0244665,1.0,1.0,1.0,1.0,1.0,1.0,1
2008-12-01,France,46.19159293,2.189861097,15017.089,86.746414,38.738495,2.8211591,5.905421,0.24501865,2.9239998,9.0,5.66040235,12,15680.285666666668,11.718000683333331,1.0,1.0,1.0,1.0,1.0,1.0,1
2009-01-01,France,46.19159293,2.189861097,15283.348,84.569016,52.461693,1.3879675,5.4193873,-1.7759521,2.9690607,9.0,7.1953394,1,16236.620499999999,8.887915433333333,1.0,1.0,1.0,1.0,1.0,1.0,1
2009-02-01,France,46.19159293,2.189861097,11482.668,81.41667,81.87067,3.405742,7.6050143,-0.13879271,2.9896462,9.0,7.743807009999999,2,15791.936166666666,6.4582032666666676,1.0,1.0,1.0,1.0,1.0,1.0,1
2009-03-01,France,46.19159293,2.189861097,9291.74,73.7249,144.94893,6.6544166,11.863818,1.9848005,3.3903453,9.0,9.8790175,3,15039.628999999999,5.272577366666667,1.0,1.0,1.0,1.0,1.0,1.0,1
2009-04-01,France,46.19159293,2.189861097,18565.723,78.217224,174.61421,10.568433,15.820444,5.9593806,2.818399,0.0,9.861063399999999,4,14952.279833333334,5.2523767,1.0,1.0,1.0,1.0,1.0,1.0,0
2009-05-01,France,46.19159293,2.189861097,11173.038,75.44685,226.42203,14.83197,20.455034,9.601971,2.8368526,0.0,10.853063,5,13468.934333333333,6.6116147000000005,0.0,1.0,1.0,1.0,1.0,1.0,0
2009-06-01,France,46.19159293,2.189861097,14015.539,72.79433,259.89792,17.20587,23.07246,11.461435,2.7213545,0.0,11.611025,6,13302.009333333333,9.009066516666666,0.0,0.0,1.0,1.0,1.0,1.0,0
2009-07-01,France,46.19159293,2.189861097,12123.778,70.687256,246.45528,19.020712,25.147491,13.510288,2.8712096,0.0,11.637203,7,12775.414333333334,11.947857266666666,0.0,0.0,0.0,1.0,1.0,1.0,0
2009-08-01,France,46.19159293,2.189861097,7691.8516,69.118484,227.29083,19.92726,26.77467,13.757952,2.3474195,0.0,13.016718000000001,8,12143.611600000002,14.7014436,0.0,0.0,0.0,0.0,1.0,1.0,0
2009-09-01,France,46.19159293,2.189861097,8496.257,76.0809,162.18596,15.926344,22.17571,10.873178,2.580527,0.0,11.302532,9,12011.0311,16.246764833333334,0.0,0.0,0.0,0.0,0.0,1.0,0
2009-10-01,France,46.19159293,2.189861097,11687.49,80.14199,103.913315,11.620355,17.08807,7.2818007,2.5858665,0.0,9.806269299999999,10,10864.658933333334,16.422085166666665,0.0,0.0,0.0,0.0,0.0,0.0,0
2009-11-01,France,46.19159293,2.189861097,26368.344,84.6767,51.043293,9.211032,12.735393,6.2347426,3.812589,0.0,6.5006504000000005,11,13397.209933333334,15.485262166666667,0.0,0.0,0.0,0.0,0.0,0.0,0
2009-12-01,France,46.19159293,2.189861097,20388.773,86.106445,36.062862,3.745431,6.9989815,0.740517,3.2304962,0.0,6.2584645000000005,12,14459.4156,13.241855666666666,0.0,0.0,0.0,0.0,0.0,0.0,0
2010-01-01,France,46.19159293,2.189861097,12539.306,87.17336,44.49954,0.5933554,3.7221541,-1.9916561,2.7438037,0.0,5.7138102,1,14528.670266666668,10.170629566666667,0.0,0.0,0.0,0.0,0.0,0.0,0
2010-02-01,France,46.19159293,2.189861097,18330.67,82.6076,74.34466,3.04307,6.731894,-0.07655711,3.6954968,0.0,6.80845111,2,16301.806666666665,7.3565979,0.0,0.0,0.0,0.0,0.0,0.0,0
2010-03-01,France,46.19159293,2.189861097,12619.938,72.87057,136.1439,6.0537376,10.965891,1.9521986,3.7223134,0.0,9.0136924,3,16989.08683333333,5.7111635000000005,0.0,0.0,0.0,0.0,0.0,0.0,0
2010-04-01,France,46.19159293,2.189861097,6067.68,70.23602,211.44313,10.492174,16.555624,4.7386994,2.9438403,0.0,11.816924600000002,4,16052.451833333333,5.523133333333334,0.0,0.0,0.0,0.0,0.0,0.0,0
2010-05-01,France,46.19159293,2.189861097,16053.375,75.95514,200.6876,11.919707,16.884733,7.3174157,3.0030506,0.0,9.567317300000001,5,14333.290333333332,5.974579166666667,0.0,0.0,0.0,0.0,0.0,0.0,0
2010-06-01,France,46.19159293,2.189861097,15908.987,75.43897,238.96634,16.921059,22.477375,11.645665,2.6615624,0.0,10.83171,6,13586.659333333331,8.170517166666668,0.0,0.0,0.0,0.0,0.0,0.0,0
2010-07-01,France,46.19159293,2.189861097,8630.794,69.56313,254.77998,20.26835,26.585617,14.352633,2.500635,0.0,12.232983999999998,7,12935.240666666667,11.449682933333335,0.0,0.0,0.0,0.0,0.0,0.0,0
2010-08-01,France,46.19159293,2.189861097,13761.319,73.52674,204.89731,17.977188,23.817982,12.873879,2.7211607,0.0,10.944103,8,12173.682166666666,13.938702600000001,0.0,0.0,0.0,0.0,0.0,0.0,0
2010-09-01,France,46.19159293,2.189861097,14413.818,76.367905,166.44046,14.589464,20.653606,9.45438,2.367764,0.0,11.199226,9,12472.662166666667,15.361323666666669,0.0,0.0,0.0,0.0,0.0,0.0,0
2010-10-01,France,46.19159293,2.189861097,17341.477,80.6094,101.44861,10.695649,15.632338,6.7262244,3.0008008,0.0,8.906113600000001,10,14351.628333333334,15.395236166666665,0.0,0.0,0.0,0.0,0.0,0.0,0
2010-11-01,France,46.19159293,2.189861097,23373.54,88.23186,46.981594,6.403931,9.533833,3.8374069,3.05875,0.0,5.6964261,11,15571.655833333332,14.475940166666668,0.0,0.0,0.0,0.0,0.0,0.0,0
2010-12-01,France,46.19159293,2.189861097,17638.842,85.79835,38.180206,1.1873109,4.362469,-1.7682282,3.0116546,0.0,6.1306972,12,15859.964999999998,11.853648816666668,0.0,0.0,0.0,0.0,0.0,0.0,0
2011-01-01,France,46.19159293,2.189861097,9407.056,85.1727,48.208054,3.4533927,6.8345103,0.6763584,3.0823286,0.0,6.1581519,1,15989.341999999999,9.051155933333332,0.0,0.0,0.0,0.0,0.0,0.0,0
2011-02-01,France,46.19159293,2.189861097,9532.986,83.71534,74.32594,5.2958946,9.615405,1.8985496,2.7071013,0.0,7.716855400000001,2,15284.619833333332,6.937607033333333,0.0,0.0,0.0,0.0,0.0,0.0,0
2011-03-01,France,46.19159293,2.189861097,9622.543,75.369934,137.69727,7.747795,13.080845,3.1177328,3.052587,0.0,9.9631122,3,14486.074,5.797328866666667,0.0,0.0,0.0,0.0,0.0,0.0,0
2011-04-01,France,46.19159293,2.189861097,3924.9233,68.23521,223.06206,12.9426365,19.558222,6.7587414,2.636691,0.0,12.7994806,4,12249.981716666667,6.171826783333334,0.0,0.0,0.0,0.0,0.0,0.0,0
2011-05-01,France,46.19159293,2.189861097,6451.6616,66.56528,259.12808,15.195666,21.814434,8.796824,2.6530998,0.0,13.017609999999998,5,9429.66865,7.637115949999999,0.0,0.0,0.0,0.0,0.0,0.0,0
2011-06-01,France,46.19159293,2.189861097,13722.616,72.161736,230.14476,16.711315,22.37895,11.478872,2.9018388,0.0,10.900077999999999,6,8776.964316666666,10.224449966666667,0.0,0.0,0.0,0.0,0.0,0.0,0
2011-07-01,France,46.19159293,2.189861097,17948.447,71.966385,223.70164,16.964762,22.490788,11.8627825,2.892064,0.0,10.628005499999999,7,10200.529483333334,12.476344849999998,0.0,0.0,0.0,0.0,0.0,0.0,0
2011-08-01,France,46.19159293,2.189861097,15462.274,74.53045,211.41061,18.814577,24.82809,13.577861,2.5007489,0.0,11.250229,8,11188.74415,14.729458583333333,0.0,0.0,0.0,0.0,0.0,0.0,0
2011-09-01,France,46.19159293,2.189861097,8836.84,77.118065,166.68053,17.100237,23.283348,11.99278,2.4648068,0.0,11.290568,9,11057.79365,16.28819891666667,0.0,0.0,0.0,0.0,0.0,0.0,0
2011-10-01,France,46.19159293,2.189861097,10017.478,79.84105,108.85181,12.289838,17.93778,7.8402386,2.5790088,0.0,10.0975414,10,12073.219433333334,16.179399166666666,0.0,0.0,0.0,0.0,0.0,0.0,0
2011-11-01,France,46.19159293,2.189861097,13698.647,85.96805,57.974686,9.245335,13.547684,6.048681,2.4908915,0.0,7.499003,11,13281.050333333333,15.187677333333333,0.0,0.0,0.0,0.0,0.0,0.0,0
2011-12-01,France,46.19159293,2.189861097,29377.055,86.22542,37.185246,6.271757,9.487963,3.294138,3.823591,0.0,6.193825,12,15890.123500000002,13.447750999999998,0.0,0.0,0.0,0.0,0.0,0.0,0
2012-01-01,France,46.19159293,2.189861097,11897.265,85.54785,46.006184,4.670483,7.9106197,1.9878882,3.1522055,0.0,5.922731499999999,1,14881.593166666667,11.398704500000001,0.0,0.0,0.0,0.0,0.0,0.0,0
2012-02-01,France,46.19159293,2.189861097,2587.5068,75.53934,97.704575,0.013005842,4.526366,-3.876656,2.9459617,0.0,8.403022,2,12735.798633333332,8.265109307000001,0.0,0.0,0.0,0.0,0.0,0.0,0
2012-03-01,France,46.19159293,2.189861097,5542.552,71.24941,159.33682,8.960835,15.192497,3.3773983,2.7829142,0.0,11.8150987,3,12186.750633333335,6.908542307,0.0,0.0,0.0,0.0,0.0,0.0,0
2012-04-01,France,46.19159293,2.189861097,26272.527,77.53238,158.86575,8.552998,13.329759,4.574962,3.6989489,0.0,8.754797,4,14895.925466666667,6.285735640333333,0.0,0.0,0.0,0.0,0.0,0.0,0
2012-05-01,France,46.19159293,2.189861097,15774.865,75.31803,226.68694,14.20024,19.721107,9.082308,2.8698661,0.0,10.638799,5,15241.9618,7.111553140333334,0.0,0.0,0.0,0.0,0.0,0.0,0
2012-06-01,France,46.19159293,2.189861097,17688.088,76.154594,229.18793,17.00358,22.311052,12.34615,2.9325716,0.0,9.964902,6,13293.800633333332,8.900190307,0.0,0.0,0.0,0.0,0.0,0.0,0
2012-07-01,France,46.19159293,2.189861097,13227.993,71.87219,240.77222,17.962955,23.777397,12.637728,2.7325244,0.0,11.139669000000001,7,13515.588633333333,11.115602307000001,0.0,0.0,0.0,0.0,0.0,0.0,0
2012-08-01,France,46.19159293,2.189861097,8193.731,68.536606,224.34804,19.940601,26.60772,14.087941,2.63211,0.0,12.519779,8,14449.959333333332,14.436868166666669,0.0,0.0,0.0,0.0,0.0,0.0,0
2012-09-01,France,46.19159293,2.189861097,13128.736,74.54966,159.55946,15.246048,21.370537,10.056915,2.6519437,0.0,11.313621999999999,9,15714.323333333334,15.484403666666667,0.0,0.0,0.0,0.0,0.0,0.0,0
2012-10-01,France,46.19159293,2.189861097,22903.52,83.18991,90.602776,12.073125,16.53543,8.499124,2.854742,0.0,8.036306000000002,10,15152.822166666665,16.071091499999998,0.0,0.0,0.0,0.0,0.0,0.0,0
2012-11-01,France,46.19159293,2.189861097,18101.273,86.29312,53.305294,7.379368,11.160725,4.399546,2.7874029,0.0,6.761178999999999,11,15540.556833333336,14.934279500000002,0.0,0.0,0.0,0.0,0.0,0.0,0
2012-12-01,France,46.19159293,2.189861097,24092.727,85.265335,39.023727,5.235873,8.49228,2.3707366,3.667278,0.0,6.121543399999999,12,16607.99666666667,12.972995000000003,0.0,0.0,0.0,0.0,0.0,0.0,0
2013-01-01,France,46.19159293,2.189861097,16612.965,86.970955,41.42517,3.153629,6.111126,0.5149052,2.9291973,0.0,5.596220799999999,1,17172.158666666666,10.504774,0.0,0.0,0.0,0.0,0.0,0.0,0
2013-02-01,France,46.19159293,2.189861097,14460.648,82.59721,78.57361,1.8228713,5.5169263,-1.1494465,3.3721516,0.0,6.6663727999999995,2,18216.644833333336,7.485152383333333,0.0,0.0,0.0,0.0,0.0,0.0,0
2013-03-01,France,46.19159293,2.189861097,16993.854,78.539925,117.28939,5.2280574,9.596732,1.7595714,3.2817695,0.0,7.837160599999999,3,18860.831166666667,5.815487283333333,0.0,0.0,0.0,0.0,0.0,0.0,0
2013-04-01,France,46.19159293,2.189861097,17033.172,74.00687,171.78322,9.314972,14.224924,4.751603,3.2456105,0.0,9.473320999999999,4,17882.439833333334,5.355795116666666,0.0,0.0,0.0,0.0,0.0,0.0,0
2013-05-01,France,46.19159293,2.189861097,25185.332,79.797165,184.11102,10.746176,15.371831,6.818101,2.9884322,0.0,8.55373,5,19063.11633333333,5.916929783333333,0.0,0.0,0.0,0.0,0.0,0.0,0
2013-06-01,France,46.19159293,2.189861097,13607.523,76.14072,232.76193,15.718608,21.051922,10.906609,2.9620898,0.0,10.145313000000002,6,17315.582333333332,7.6640522833333335,0.0,0.0,0.0,0.0,0.0,0.0,0
2013-07-01,France,46.19159293,2.189861097,12115.055,70.86972,267.06625,20.85123,27.303108,14.840395,2.5432262,0.0,12.462713000000003,7,16565.930666666663,10.613652449999998,0.0,0.0,0.0,0.0,0.0,0.0,0
2013-08-01,France,46.19159293,2.189861097,8527.597,70.8719,229.2955,18.762863,25.160324,12.952064,2.3825798,0.0,12.20826,8,15577.088833333333,13.4369844,0.0,0.0,0.0,0.0,0.0,0.0,0
2013-09-01,France,46.19159293,2.189861097,14980.7705,78.19013,154.94858,15.8522,21.51687,11.166894,2.5020223,0.0,10.349976000000002,9,15241.574916666666,15.207674833333334,0.0,0.0,0.0,0.0,0.0,0.0,0
2013-10-01,France,46.19159293,2.189861097,20473.36,84.10986,90.05784,13.36763,17.79209,9.990396,2.8821542,0.0,7.801694000000001,10,15814.939583333331,15.883117833333335,0.0,0.0,0.0,0.0,0.0,0.0,0
2013-11-01,France,46.19159293,2.189861097,25217.607,85.471054,47.40396,6.2179112,9.314185,3.5430944,3.3791578,0.0,5.7710906,11,15820.318749999999,15.128407033333334,0.0,0.0,0.0,0.0,0.0,0.0,0
2013-12-01,France,46.19159293,2.189861097,15081.005,82.67661,48.543705,4.831497,9.213728,1.3464595,3.020418,0.0,7.8672685,12,16065.899083333332,13.313888533333333,0.0,0.0,0.0,0.0,0.0,0.0,0
2014-01-01,France,46.19159293,2.189861097,23795.531,86.36629,43.41464,6.0097437,9.260037,3.267491,3.393208,0.0,5.992546000000001,1,18012.645083333333,10.840307483333333,0.0,0.0,0.0,0.0,0.0,0.0,0
2014-02-01,France,46.19159293,2.189861097,24906.857,81.77748,74.94766,6.0745773,9.915355,2.867903,4.101634,0.0,7.047452,2,20742.521749999996,8.7255932,0.0,0.0,0.0,0.0,0.0,0.0,0
2014-03-01,France,46.19159293,2.189861097,8697.658,73.17535,152.70573,8.052061,14.031836,2.8956604,2.8261757,0.0,11.1361756,3,19695.33633333333,7.425570033333332,0.0,0.0,0.0,0.0,0.0,0.0,0
2014-04-01,France,46.19159293,2.189861097,10721.084,73.533035,189.6113,11.23095,16.882938,6.143795,2.760494,0.0,10.739142999999999,4,18069.957,7.069456699999999,0.0,0.0,0.0,0.0,0.0,0.0,0
2014-05-01,France,46.19159293,2.189861097,16118.797,74.88279,220.7749,12.711933,18.133204,7.8812475,3.243833,0.0,10.251956499999999,5,16553.488666666668,8.151793666666666,0.0,0.0,0.0,0.0,0.0,0.0,0
2014-06-01,France,46.19159293,2.189861097,10977.227,69.00934,266.938,17.771189,23.857761,11.914141,2.7457814,0.0,11.94362,6,15869.525666666666,10.308409,0.0,0.0,0.0,0.0,0.0,0.0,0
2014-07-01,France,46.19159293,2.189861097,23169.531,76.704735,216.20561,18.648973,24.136147,13.89369,2.6409965,0.0,10.242457000000002,7,15765.192333333332,12.414947216666667,0.0,0.0,0.0,0.0,0.0,0.0,0
2014-08-01,France,46.19159293,2.189861097,19112.666,77.66111,200.3775,16.964075,22.382763,12.420728,2.4497747,0.0,9.962035,8,14799.493833333334,14.2298635,0.0,0.0,0.0,0.0,0.0,0.0,0
2014-09-01,France,46.19159293,2.189861097,8163.3037,77.23076,175.93874,16.732119,23.077024,11.441886,2.1539547,0.0,11.635138000000001,9,14710.434783333332,15.676539833333335,0.0,0.0,0.0,0.0,0.0,0.0,0
2014-10-01,France,46.19159293,2.189861097,14725.344,82.850975,104.53906,13.814709,19.21796,9.746701,2.3683345,0.0,9.471259000000002,10,15377.811450000001,16.107166333333335,0.0,0.0,0.0,0.0,0.0,0.0,0
2014-11-01,France,46.19159293,2.189861097,25994.914,86.78142,52.71917,9.536773,13.283013,6.640599,2.6817617,0.0,6.6424140000000005,11,17023.83095,15.577973,0.0,0.0,0.0,0.0,0.0,0.0,0
2014-12-01,France,46.19159293,2.189861097,12691.622,86.200905,34.42083,4.626212,7.565289,2.1220033,3.0508065,0.0,5.443285700000001,12,17309.56345,13.3871435,0.0,0.0,0.0,0.0,0.0,0.0,0
2015-01-01,France,46.19159293,2.189861097,16935.627,84.920906,45.31175,3.9423814,7.436341,0.8859916,3.263564,0.0,6.5503494,1,16270.57945,10.9360449,0.0,0.0,0.0,0.0,0.0,0.0,0
2015-02-01,France,46.19159293,2.189861097,15307.115,81.85601,80.75671,2.956327,7.0105042,-0.32040036,3.3105721,0.0,7.33090456,2,15636.320950000001,8.601420233333334,0.0,0.0,0.0,0.0,0.0,0.0,0
2015-03-01,France,46.19159293,2.189861097,10405.339,77.54456,125.07696,7.273606,12.176503,3.1287403,3.277012,0.0,9.0477627,3,16009.993499999999,7.025001400000001,0.0,0.0,0.0,0.0,0.0,0.0,0
2015-04-01,France,46.19159293,2.189861097,13004.077,69.03817,203.40341,11.1425705,17.073257,5.5145416,2.8896608,0.0,11.5587154,4,15723.115666666667,6.579644983333334,0.0,0.0,0.0,0.0,0.0,0.0,0
2015-05-01,France,46.19159293,2.189861097,10567.181,73.92065,224.12654,13.844387,19.32772,8.67542,3.034367,0.0,10.652299999999999,5,13151.826833333333,7.2975806500000004,0.0,0.0,0.0,0.0,0.0,0.0,0
2015-06-01,France,46.19159293,2.189861097,10783.957,69.02854,272.79706,18.162294,24.40569,12.02909,2.7160954,0.0,12.3766,6,12833.882666666666,9.553594316666667,0.0,0.0,0.0,0.0,0.0,0.0,0
2015-07-01,France,46.19159293,2.189861097,6585.6323,64.34488,255.15979,20.9361,27.548313,14.846005,2.900906,0.0,12.702308,7,11108.88355,12.38588075,0.0,0.0,0.0,0.0,0.0,0.0,0
2015-08-01,France,46.19159293,2.189861097,18275.281,70.397095,211.12119,19.678452,25.976484,13.991855,2.534918,0.0,11.984629,8,11603.577883333332,15.172901583333333,0.0,0.0,0.0,0.0,0.0,0.0,0
2015-09-01,France,46.19159293,2.189861097,16309.19,76.21995,161.98428,14.121481,19.713451,9.523043,2.8143141,33.0,10.190408,9,12587.55305,16.314214083333333,0.0,0.0,0.0,0.0,0.0,0.0,1
2015-10-01,France,46.19159293,2.189861097,11728.841,83.13979,96.27471,10.730634,15.553511,6.8842983,2.410479,124.0,8.6692127,10,12375.013716666666,16.245558,1.0,0.0,0.0,0.0,0.0,0.0,1
2015-11-01,France,46.19159293,2.189861097,14117.0205,83.35477,62.086468,9.611138,13.848716,6.0553956,3.1183076,155.0,7.7933204,11,12966.653633333335,15.5400165,1.0,1.0,0.0,0.0,0.0,0.0,1
2015-12-01,France,46.19159293,2.189861097,4626.3804,83.924515,47.93007,8.111034,12.3475485,4.7345295,2.7261503,88.0,7.613019,12,11940.390866666667,13.8648065,1.0,1.0,1.0,0.0,0.0,0.0,1
2016-01-01,France,46.19159293,2.189861097,23570.695,86.16806,44.86704,5.3368816,8.73863,2.4966815,3.3396053,78.0,6.2419485,1,14771.234649999999,11.264936766666665,1.0,1.0,1.0,1.0,0.0,0.0,1
2016-02-01,France,46.19159293,2.189861097,22282.012,82.413864,72.5048,5.511653,9.121754,2.53286,3.921096,69.0,6.588894,2,15439.02315,8.903803600000002,1.0,1.0,1.0,1.0,1.0,0.0,1
2016-03-01,France,46.19159293,2.189861097,16150.969,77.793655,127.19446,6.0554533,10.697755,2.0098147,3.5131657,132.0,8.687940300000001,3,15412.652983333333,7.55946565,1.0,1.0,1.0,1.0,1.0,1.0,1
2016-04-01,France,46.19159293,2.189861097,16143.566,76.041756,172.74422,9.145375,14.268229,4.704078,3.0431852,182.0,9.564150999999999,4,16148.440483333334,7.295255816666667,1.0,1.0,1.0,1.0,1.0,1.0,1
2016-05-01,France,46.19159293,2.189861097,23770.088,75.757355,203.11575,13.1981125,18.454727,8.361671,3.0023947,186.0,10.093055999999999,5,17757.285066666667,7.893084900000001,1.0,1.0,1.0,1.0,1.0,1.0,1
2016-06-01,France,46.19159293,2.189861097,17728.434,80.131676,207.84448,16.688133,21.666935,12.493508,2.602309,196.0,9.173426999999998,6,19940.960666666666,9.3226014,1.0,1.0,1.0,1.0,1.0,1.0,1
2016-07-01,France,46.19159293,2.189861097,6505.3516,70.94607,245.8503,19.461027,25.55816,13.7265415,2.4944305,197.0,11.831618500000001,7,17096.736766666665,11.676625633333336,1.0,1.0,1.0,1.0,1.0,1.0,1
2016-08-01,France,46.19159293,2.189861097,4932.626,67.88147,232.91913,19.745869,26.63839,13.387275,2.443545,202.0,13.251115,8,14205.172433333333,14.048994966666669,1.0,1.0,1.0,1.0,1.0,1.0,1
2016-09-01,France,46.19159293,2.189861097,10266.597,73.18342,162.11209,17.5465,23.958418,12.203208,2.2286422,210.0,11.755210000000002,9,13224.443766666669,15.964169416666666,1.0,1.0,1.0,1.0,1.0,1.0,1
2016-10-01,France,46.19159293,2.189861097,11636.158,81.639496,102.51231,10.629245,15.950708,6.453625,2.2998013,395.0,9.497083,10,12473.2091,16.211481083333336,1.0,1.0,1.0,1.0,1.0,1.0,1
2016-11-01,France,46.19159293,2.189861097,22231.564,85.086555,54.1388,7.1766953,10.903577,4.159313,3.0092251,860.0,6.744264,11,12216.788433333333,15.20791155,1.0,1.0,1.0,1.0,1.0,1.0,1
2016-12-01,France,46.19159293,2.189861097,3504.4163,84.302185,50.236732,4.22869,8.973456,0.78137916,2.0075095,1628.0,8.19207684,12,9846.118816666667,13.13133771666667,1.0,1.0,1.0,1.0,1.0,1.0,1
2017-01-01,France,46.19159293,2.189861097,8832.255,81.90504,53.98058,1.2615423,5.140872,-1.9431195,2.7878122,2148.0,7.0839915,1,10233.936049999998,10.098090266666667,1.0,1.0,1.0,1.0,1.0,1.0,1
2017-02-01,France,46.19159293,2.189861097,14965.99,81.846535,77.97665,6.4318023,10.75159,2.975691,3.4148803,2508.0,7.775899000000001,2,11906.163383333333,7.87907915,1.0,1.0,1.0,1.0,1.0,1.0,1
2017-03-01,France,46.19159293,2.189861097,16095.877,77.479774,131.34544,9.285895,14.388567,4.8746405,3.260748,2785.0,9.5139265,3,12877.71005,6.50231165,1.0,1.0,1.0,1.0,1.0,1.0,1
2017-04-01,France,46.19159293,2.189861097,6802.0464,68.40753,217.66377,9.665491,15.969857,3.6439939,2.8148115,2969.0,12.3258631,4,12072.024783333334,6.341685983333334,1.0,1.0,1.0,1.0,1.0,1.0,1
2017-05-01,France,46.19159293,2.189861097,15075.326,73.87834,233.73459,14.901792,20.771654,9.384809,2.7045548,3043.0,11.386845000000001,5,10879.318449999999,7.6292021000000005,1.0,1.0,1.0,1.0,1.0,1.0,1
2017-06-01,France,46.19159293,2.189861097,14343.203,70.264015,263.62485,19.36089,25.584719,13.534344,2.7207468,83.0,12.050374999999999,6,12685.7829,10.151235433333333,1.0,1.0,1.0,1.0,1.0,1.0,1
2017-07-01,France,46.19159293,2.189861097,10649.165,71.11122,227.60362,19.758152,25.538187,14.572902,2.8629425,107.0,10.965285000000002,7,12988.601233333333,13.234003716666665,1.0,1.0,1.0,1.0,1.0,1.0,1
2017-08-01,France,46.19159293,2.189861097,10617.277,71.23092,208.56181,19.429754,25.688303,14.047729,2.4266183,287.0,11.640574,8,12263.815733333331,15.400329,1.0,1.0,1.0,1.0,1.0,1.0,1
2017-09-01,France,46.19159293,2.189861097,15232.504,78.76253,149.49933,14.150137,19.723196,9.735699,2.537412,502.0,9.987497000000001,9,12119.920233333332,16.211036,1.0,1.0,1.0,1.0,1.0,1.0,1
2017-10-01,France,46.19159293,2.189861097,5746.355,80.46403,108.16975,12.910946,18.427605,8.604173,2.526514,816.0,9.823432,10,11943.971666666666,16.751945166666665,1.0,1.0,1.0,1.0,1.0,1.0,1
2017-11-01,France,46.19159293,2.189861097,15546.973,83.71317,59.391296,6.4107995,10.617638,2.917971,2.8169575,1193.0,7.699667,11,12022.5795,15.33677975,1.0,1.0,1.0,1.0,1.0,1.0,1
2017-12-01,France,46.19159293,2.189861097,23430.959,86.29788,36.176945,4.2243586,7.460602,1.3785099,3.4606159,1208.0,6.0820921,12,13537.205500000002,12.814024516666665,1.0,1.0,1.0,1.0,1.0,1.0,1
2018-01-01,France,46.19159293,2.189861097,29942.732,86.77289,39.456905,6.768745,9.683601,4.21818,3.9144814,1310.0,5.465420999999999,1,16752.8,10.649123350000002,1.0,1.0,1.0,1.0,1.0,1.0,1
2018-02-01,France,46.19159293,2.189861097,12357.66,79.564125,82.71156,1.4695851,5.125862,-1.4666778,3.2800941,1327.0,6.5925398,2,17042.863833333333,7.6557618666666665,1.0,1.0,1.0,1.0,1.0,1.0,1
2018-03-01,France,46.19159293,2.189861097,21348.887,79.73872,113.52917,6.2089157,10.627006,2.6402557,3.6332083,1327.0,7.9867503,3,18062.261000000002,6.332224983333333,1.0,1.0,1.0,1.0,1.0,1.0,1
2018-04-01,France,46.19159293,2.189861097,14576.213,72.76227,182.85147,12.197727,17.754976,7.184091,2.9919105,1327.0,10.570885,4,19533.904,6.213355150000001,1.0,1.0,1.0,1.0,1.0,1.0,1
2018-05-01,France,46.19159293,2.189861097,18594.568,77.47155,217.02826,14.4768715,20.261688,9.308566,2.5323257,1327.0,10.953121999999999,5,20041.8365,7.557700483333334,1.0,1.0,1.0,1.0,1.0,1.0,1
2018-06-01,France,46.19159293,2.189861097,15320.237,74.48144,248.10855,18.268084,23.903715,12.95806,2.5610046,1327.0,10.945654999999999,6,18690.049499999997,9.898321383333334,1.0,1.0,1.0,1.0,1.0,1.0,1
2018-07-01,France,46.19159293,2.189861097,9202.948,66.40679,266.18973,21.364407,27.952032,14.997266,2.316182,1327.0,12.954766,7,15233.418833333335,12.330931716666667,1.0,1.0,1.0,1.0,1.0,1.0,1
2018-08-01,France,46.19159293,2.189861097,9282.98,68.6175,225.38605,20.206352,26.739128,14.340226,2.447615,1327.0,12.398902000000001,8,14720.972166666666,15.453726199999998,1.0,1.0,1.0,1.0,1.0,1.0,1
2018-09-01,France,46.19159293,2.189861097,4517.6133,69.437515,182.70702,16.947437,24.045603,10.761108,2.4163034,1327.0,13.284495,9,11915.759883333332,17.243479750000002,1.0,1.0,1.0,1.0,1.0,1.0,1
2018-10-01,France,46.19159293,2.189861097,15309.417,78.1587,107.25113,12.424515,18.032717,7.931901,2.8188694,1327.0,10.100816000000002,10,12037.960549999998,17.28127775,1.0,1.0,1.0,1.0,1.0,1.0,1
2018-11-01,France,46.19159293,2.189861097,17089.16,85.7048,55.725838,7.778633,11.72053,4.675513,2.84981,1327.0,7.0450170000000005,11,11787.059216666667,16.16490466666667,1.0,1.0,1.0,1.0,1.0,1.0,1
2018-12-01,France,46.19159293,2.189861097,18472.477,86.7876,37.865067,6.2250476,9.382541,3.5110948,3.1504924,1327.0,5.871446199999999,12,12312.43255,14.157731933333332,1.0,1.0,1.0,1.0,1.0,1.0,1
2019-01-01,France,46.19159293,2.189861097,11912.355,84.17061,45.591824,2.8144033,5.8731165,0.20002332,3.170995,1327.0,5.67309318,1,12764.000383333332,11.06606465,1.0,1.0,1.0,1.0,1.0,1.0,1
2019-02-01,France,46.19159293,2.189861097,8012.6,75.23974,105.37227,6.362017,12.489116,1.4505537,2.7498834,1327.0,11.038562299999999,2,12552.270383333334,8.758675483333334,1.0,1.0,1.0,1.0,1.0,1.0,1
2019-03-01,France,46.19159293,2.189861097,10490.808,71.684296,148.39554,8.327167,13.570897,3.5946116,3.8860493,1327.0,9.9762854,3,13547.802833333333,7.321963816666666,1.0,1.0,1.0,1.0,1.0,1.0,1
2019-04-01,France,46.19159293,2.189861097,14187.874,71.86477,186.32819,9.839215,15.451693,4.779943,3.0478382,1327.0,10.67175,4,13360.878999999999,6.891080483333333,1.0,1.0,1.0,1.0,1.0,1.0,1
2019-05-01,France,46.19159293,2.189861097,13154.255,73.673225,213.17122,12.040437,17.431719,6.9706984,3.0080042,1327.0,10.461020600000001,5,12705.061500000002,7.601381149999999,1.0,1.0,1.0,1.0,1.0,1.0,1
2019-06-01,France,46.19159293,2.189861097,13354.347,70.761536,243.82382,18.540428,24.836283,12.544462,2.693015,1327.0,12.291821000000002,6,11852.039833333334,9.653944549999999,1.0,1.0,1.0,1.0,1.0,1.0,1
2019-07-01,France,46.19159293,2.189861097,7569.132,62.854637,265.0529,21.16302,27.92733,14.553907,2.661362,1327.0,13.373423,7,11128.169333333333,12.712047333333333,1.0,1.0,1.0,1.0,1.0,1.0,1
2019-08-01,France,46.19159293,2.189861097,9467.081,68.41636,224.0843,19.867674,26.60981,13.744616,2.3808277,1327.0,12.865193999999999,8,11370.582833333334,14.962990166666666,1.0,1.0,1.0,1.0,1.0,1.0,1
2019-09-01,France,46.19159293,2.189861097,9111.347,70.27608,170.45554,16.400637,22.660763,10.992323,2.8796222,1327.0,11.668439999999999,9,11140.672666666665,16.3085685,1.0,1.0,1.0,1.0,1.0,1.0,1
2019-10-01,France,46.19159293,2.189861097,26845.39,83.7877,86.98288,13.156493,17.380117,9.872026,3.0307884,1327.0,7.5080909999999985,10,13250.258666666667,16.861448166666666,1.0,1.0,1.0,1.0,1.0,1.0,1
2019-11-01,France,46.19159293,2.189861097,32987.895,88.020996,49.95051,6.9189553,10.240918,4.2595997,3.157718,1327.0,5.981318300000001,11,16555.86533333333,16.007867883333333,1.0,1.0,1.0,1.0,1.0,1.0,1
2019-12-01,France,46.19159293,2.189861097,24360.582,84.72104,41.978634,6.510878,10.053832,3.5956066,3.6567848,1327.0,6.4582254,12,18390.237833333333,14.002942883333333,1.0,1.0,1.0,1.0,1.0,1.0,1
2020-01-01,France,46.19159293,2.189861097,10736.426,83.979675,51.785595,5.6954765,9.407476,2.542634,3.1617503,1327.0,6.864842000000001,1,18918.120166666668,11.425018966666668,1.0,1.0,1.0,1.0,1.0,1.0,1
2020-02-01,France,46.19159293,2.189861097,16996.486,79.01274,82.648056,7.6861944,11.95195,4.0919857,4.3598323,1327.0,7.8599643,2,20173.020999999997,9.394772366666666,1.0,1.0,1.0,1.0,1.0,1.0,1
2020-03-01,France,46.19159293,2.189861097,14092.638,74.586975,140.10167,7.610812,12.529412,3.3833084,3.579813,1327.0,9.1461036,3,21003.236166666666,7.9298015333333325,1.0,1.0,1.0,1.0,1.0,1.0,1
2020-04-01,France,46.19159293,2.189861097,11096.98,67.08312,208.15202,12.680579,19.051645,6.762988,2.6663918,1327.0,12.288657,4,18378.501166666665,7.8504825333333335,1.0,1.0,1.0,1.0,1.0,1.0,1
2020-05-01,France,46.19159293,2.189861097,13904.681,69.49518,253.25127,15.084961,20.950249,9.0692005,2.9181294,1327.0,11.881048499999999,5,15197.9655,9.211483483333334,1.0,1.0,1.0,1.0,1.0,1.0,1
2020-06-01,France,46.19159293,2.189861097,17892.418,74.10236,230.76498,16.712593,22.286488,11.601427,2.7731097,1327.0,10.685061,6,14119.938166666669,10.911769316666666,1.0,1.0,1.0,1.0,1.0,1.0,1
2020-07-01,France,46.19159293,2.189861097,2835.3518,64.06199,260.65646,19.92829,26.452976,13.436091,2.7462707,1327.0,13.016885,7,12803.092466666667,13.283904900000001,1.0,1.0,1.0,1.0,1.0,1.0,1
2020-08-01,France,46.19159293,2.189861097,11290.371,67.25036,217.98555,20.577234,27.284445,14.829714,2.6495545,1327.0,12.454731000000002,8,11852.073300000002,15.4324115,1.0,1.0,1.0,1.0,1.0,1.0,1
2020-09-01,France,46.19159293,2.189861097,13648.65,71.465065,168.3529,16.947325,23.415863,11.456964,2.5299578,1327.0,11.958899000000002,9,11778.075300000002,16.988497,1.0,1.0,1.0,1.0,1.0,1.0,1
2020-10-01,France,46.19159293,2.189861097,25499.037,84.097626,82.769684,11.1117735,15.077881,8.011298,3.3746638,1327.0,7.066583,10,14178.418133333334,16.727029416666667,1.0,1.0,1.0,1.0,1.0,1.0,1
2020-11-01,France,46.19159293,2.189861097,6217.674,83.39409,68.306046,8.824373,13.733662,5.1626945,2.5507884,1327.0,8.570967500000002,11,12897.250300000002,15.683598083333331,1.0,1.0,1.0,1.0,1.0,1.0,1
2020-12-01,France,46.19159293,2.189861097,27268.236,88.11582,35.62359,5.4523754,8.336457,2.846928,3.4695265,1327.0,5.489528999999999,12,14459.886633333334,13.80689515,1.0,1.0,1.0,1.0,1.0,1.0,1
2021-01-01,France,46.19159293,2.189861097,21391.338,86.11835,45.492073,3.1811984,6.2274985,0.4784753,3.1518807,1327.0,5.7490232,1,17552.551,11.015713216666667,1.0,1.0,1.0,1.0,1.0,1.0,1
2021-02-01,France,46.19159293,2.189861097,11680.993,79.234344,83.84888,6.7240677,10.84589,3.2951708,3.3680174,1327.0,7.5507192000000005,2,17617.654666666665,8.706852166666666,1.0,1.0,1.0,1.0,1.0,1.0,1
2021-03-01,France,46.19159293,2.189861097,6706.7324,72.71105,150.52657,7.154986,12.761817,2.1741228,3.152161,1327.0,10.587694200000001,3,16460.6684,7.074795666666667,1.0,1.0,1.0,1.0,1.0,1.0,1
2021-04-01,France,46.19159293,2.189861097,7585.5425,65.315506,211.33386,8.668826,14.650153,2.9609606,3.0841393,1327.0,11.6891924,4,13475.085983333332,6.66763775,1.0,1.0,1.0,1.0,1.0,1.0,1
2021-05-01,France,46.19159293,2.189861097,21265.96,74.3676,216.21442,11.91364,17.207033,7.0891533,3.2969248,1327.0,10.1178797,5,15983.133649999998,7.182515583333333,1.0,1.0,1.0,1.0,1.0,1.0,1
2021-06-01,France,46.19159293,2.189861097,21382.285,76.05132,240.06314,18.36377,24.009594,13.142287,2.6168256,1327.0,10.867307,6,15002.141816666668,9.334414683333334,1.0,1.0,1.0,1.0,1.0,1.0,1
2021-07-01,France,46.19159293,2.189861097,18069.355,76.38371,224.39043,18.666533,24.087442,13.862618,2.8144147,1327.0,10.224824,7,14448.477983333332,11.915303783333334,1.0,1.0,1.0,1.0,1.0,1.0,1
2021-08-01,France,46.19159293,2.189861097,7232.358,75.66446,206.01218,17.989681,23.715345,13.079568,2.6970546,1327.0,10.635777,8,13707.038816666667,13.792906,1.0,1.0,1.0,1.0,1.0,1.0,1
2021-09-01,France,46.19159293,2.189861097,14152.504,78.73711,164.16187,17.11148,23.250383,12.278558,2.304662,1327.0,10.971824999999999,9,14948.000750000001,15.452321666666668,1.0,1.0,1.0,1.0,1.0,1.0,1
2021-10-01,France,46.19159293,2.189861097,16158.88,81.269554,113.88692,11.439642,17.232212,6.7936153,2.6949358,1327.0,10.438596700000002,10,16376.890333333331,15.914124333333334,1.0,1.0,1.0,1.0,1.0,1.0,1
2021-11-01,France,46.19159293,2.189861097,11557.717,87.00782,56.113724,5.8441563,9.64342,2.9558568,2.632648,1327.0,6.687563200000001,11,14758.849833333334,14.902543716666669,1.0,1.0,1.0,1.0,1.0,1.0,1
2021-12-01,France,46.19159293,2.189861097,20840.855,86.80141,40.53588,5.5358357,9.1713295,2.5922897,3.0416749,1327.0,6.5790398,12,14668.611499999999,12.764554666666667,1.0,1.0,1.0,1.0,1.0,1.0,1
2022-01-01,France,46.19159293,2.189861097,9162.913,83.457664,54.875538,3.4113195,7.4231377,0.3821222,2.7323408,1327.0,7.041015499999999,1,13184.2045,10.222019083333334,1.0,1.0,1.0,1.0,1.0,1.0,1
2022-02-01,France,46.19159293,2.189861097,9440.372,79.21142,90.978714,6.3997808,10.953105,2.4537585,3.7184992,1327.0,8.499346500000001,2,13552.206833333335,8.290369049999999,1.0,1.0,1.0,1.0,1.0,1.0,1
2022-03-01,France,46.19159293,2.189861097,7863.9873,70.13045,138.64757,8.285147,13.748464,3.5118318,3.0112665,1327.0,10.2366322,3,12504.120716666665,6.81931355,1.0,1.0,1.0,1.0,1.0,1.0,1
2022-04-01,France,46.19159293,2.189861097,11409.073,72.64541,191.12447,10.079204,15.596722,4.9474726,3.31676,1327.0,10.649249399999999,4,11712.486216666666,6.592573883333333,1.0,1.0,1.0,1.0,1.0,1.0,1
2022-05-01,France,46.19159293,2.189861097,5577.787,69.24741,253.03102,16.071842,22.477787,9.860995,2.728476,1327.0,12.616791999999998,5,10715.831216666666,8.297188166666666,1.0,1.0,1.0,1.0,1.0,1.0,1
2022-06-01,France,46.19159293,2.189861097,19053.947,69.73062,258.80292,19.33252,25.694408,13.419955,2.847979,1327.0,12.274453,6,10418.013216666666,10.59663555,1.0,1.0,1.0,1.0,1.0,1.0,1
2022-07-01,France,46.19159293,2.189861097,1748.9548,59.42354,294.11804,21.61647,28.731524,14.186326,2.858423,1327.0,14.545198000000001,7,9182.353516666668,13.6308273,1.0,1.0,1.0,1.0,1.0,1.0,1
2022-08-01,France,46.19159293,2.189861097,8420.787,63.069878,235.18614,21.77851,28.843904,15.227198,2.6845305,1327.0,13.616705999999999,8,9012.422683333332,16.193948833333334,1.0,1.0,1.0,1.0,1.0,1.0,1
2022-09-01,France,46.19159293,2.189861097,17326.934,75.09438,162.49887,15.916531,21.961908,11.081625,2.661075,1327.0,10.880283,9,10589.580466666668,17.46584616666667,1.0,1.0,1.0,1.0,1.0,1.0,1
2022-10-01,France,46.19159293,2.189861097,11182.888,80.946365,102.89229,15.456985,20.71487,11.321348,2.6421304,1327.0,9.393522,10,10551.882966666666,18.362143,1.0,1.0,1.0,1.0,1.0,1.0,1
2022-11-01,France,46.19159293,2.189861097,20203.46,85.58492,57.945496,9.052724,13.06361,5.914744,2.9892793,1327.0,7.148866000000001,11,12989.495133333336,17.19229,1.0,1.0,1.0,1.0,1.0,1.0,1
2022-12-01,France,46.19159293,2.189861097,15383.238,86.46401,37.89776,5.2319603,8.513417,2.4075434,2.930147,1327.0,6.105873600000001,12,12377.7103,14.842196716666669,1.0,1.0,1.0,1.0,1.0,1.0,1
2023-01-01,France,46.19159293,2.189861097,14852.367,84.68964,42.500732,4.628606,7.4946113,2.175368,3.5098774,1327.0,5.3192433,1,14561.612333333333,12.010886050000002,1.0,1.0,1.0,1.0,1.0,1.0,1
2023-02-01,France,46.19159293,2.189861097,3272.6782,77.02125,95.53979,5.0312805,10.283044,1.0048414,2.8634357,1327.0,9.2782026,2,13703.5942,9.219681133333333,1.0,1.0,1.0,1.0,1.0,1.0,1
2023-03-01,France,46.19159293,2.189861097,18560.855,75.81919,125.55544,8.416675,13.206443,4.29059,3.6366475,1327.0,8.915853,3,13909.2477,7.969705133333332,1.0,1.0,1.0,1.0,1.0,1.0,1
2023-04-01,France,46.19159293,2.189861097,12829.097,75.5326,180.9738,9.878771,15.1129875,5.249608,3.2329955,1327.0,9.863379499999999,4,14183.615866666665,7.040002800000001,1.0,1.0,1.0,1.0,1.0,1.0,1
2023-05-01,France,46.19159293,2.189861097,12529.858,75.16463,231.63463,14.209933,19.8878,9.128555,3.0392058,1327.0,10.759244999999998,5,12904.682200000001,7.899537633333334,1.0,1.0,1.0,1.0,1.0,1.0,1
2023-06-01,France,46.19159293,2.189861097,15071.967,69.941795,264.86758,19.696518,26.096956,13.625641,2.701469,1327.0,12.471314999999999,6,12852.803699999999,10.31029725,1.0,1.0,1.0,1.0,1.0,1.0,1
2023-07-01,France,46.19159293,2.189861097,11518.849,69.94174,245.05493,19.950964,25.992098,14.376736,3.1127179,1327.0,11.615362,7,12297.217366666666,12.864023583333335,1.0,1.0,1.0,1.0,1.0,1.0,1
2023-08-01,France,46.19159293,2.189861097,13203.562,72.09199,207.94048,19.96014,26.06501,14.778454,2.8798063,1327.0,11.286556000000001,8,13952.364666666666,15.352166833333333,1.0,1.0,1.0,1.0,1.0,1.0,1
2023-09-01,France,46.19159293,2.189861097,11924.078,72.61873,178.03413,19.172506,26.033077,13.561749,2.482141,1327.0,12.471327999999998,9,12846.235166666665,17.144805333333334,1.0,1.0,1.0,1.0,1.0,1.0,1
2023-10-01,France,46.19159293,2.189861097,25438.396,77.33668,106.67057,14.425044,20.200642,9.833765,2.9563656,1327.0,10.366876999999999,10,14947.785000000002,17.9025175,1.0,1.0,1.0,1.0,1.0,1.0,1
2023-11-01,France,46.19159293,2.189861097,30189.432,85.20846,52.54811,8.308582,11.874556,5.3697443,3.5546777,1327.0,6.5048117,11,17891.047333333332,16.918959,1.0,1.0,1.0,1.0,1.0,1.0,1
2023-12-01,France,46.19159293,2.189861097,18138.875,85.16489,38.29155,6.567188,9.819018,3.8378925,3.377286,1327.0,5.981125499999999,12,18402.198666666667,14.730737333333332,1.0,1.0,1.0,1.0,1.0,1.0,1
2024-01-01,France,46.19159293,2.189861097,13233.742,83.60019,49.580593,4.6328664,8.380809,1.4973912,3.1779752,0.0,6.883417799999999,1,18688.014166666668,12.177721066666669,1.0,1.0,1.0,1.0,1.0,1.0,0
2024-02-01,France,46.19159293,2.189861097,20711.922,84.22898,67.32412,7.887001,11.502944,4.9893093,3.5236185,0.0,6.513634699999999,2,19939.4075,10.165531233333333,0.0,1.0,1.0,1.0,1.0,1.0,0
2024-03-01,France,46.19159293,2.189861097,23525.39,79.9285,125.29627,8.837006,13.635211,4.846747,3.3194776,0.0,8.788464000000001,3,21872.9595,8.4429479,0.0,0.0,1.0,1.0,1.0,1.0,0
2024-04-01,France,46.19159293,2.189861097,14034.374,73.91091,180.58693,10.675052,15.930735,6.0475817,3.4821649,0.0,9.8831533,4,19972.289166666666,7.817949233333333,0.0,0.0,0.0,1.0,1.0,1.0,0
2024-05-01,France,46.19159293,2.189861097,25980.77,80.60721,198.3351,13.635856,18.766527,9.338261,2.7141833,0.0,9.428266,5,19270.8455,8.705828233333333,0.0,0.0,0.0,0.0,1.0,1.0,0
2024-06-01,France,46.19159293,2.189861097,16796.648,76.29489,230.78748,17.09161,22.575415,12.070025,2.8476036,0.0,10.50539,6,19047.141,10.459898566666666,0.0,0.0,0.0,0.0,0.0,1.0,0
2024-07-01,France,46.19159293,2.189861097,11768.313,73.63584,241.77863,19.923862,25.940815,14.442475,2.7161658,0.0,11.49834,7,18802.902833333334,13.008397833333333,0.0,0.0,0.0,0.0,0.0,0.0,0
2024-08-01,France,46.19159293,2.189861097,9493.665,73.01245,226.69972,20.486216,26.970285,14.749014,2.5486822,3.0,12.221271,8,16933.193333333333,15.108267,0.0,0.0,0.0,0.0,0.0,0.0,1
2024-09-01,France,46.19159293,2.189861097,24482.209,81.15276,137.9952,14.96563,19.915796,11.103753,2.9532592,446.0,8.812043000000001,9,17092.663166666665,16.129704333333333,1.0,0.0,0.0,0.0,0.0,0.0,1
2024-10-01,France,46.19159293,2.189861097,24897.904,87.0145,89.00719,13.434233,17.884836,10.04297,2.624434,486.0,7.841866,10,18903.2515,16.589567833333334,1.0,1.0,0.0,0.0,0.0,0.0,1
2024-11-01,France,46.19159293,2.189861097,12209.1,85.77277,55.587246,8.401685,12.460691,5.2156205,2.7772634,501.0,7.245070500000001,11,16607.973166666667,15.717206000000003,1.0,1.0,1.0,0.0,0.0,0.0,1
2024-12-01,France,46.19159293,2.189861097,12701.199,85.70955,38.997124,4.959008,8.363246,2.1543279,3.0130928,507.0,6.2089181,12,15925.39833333333,13.695105666666668,1.0,1.0,1.0,1.0,0.0,0.0,1
